TimeQuest Timing Analyzer report for uart
Mon Sep 14 07:04:11 2026
Quartus II 64-Bit Version 13.1.0 Build 162 10/23/2013 SJ Web Edition


---------------------
; Table of Contents ;
---------------------
  1. Legal Notice
  2. TimeQuest Timing Analyzer Summary
  3. Parallel Compilation
  4. Clocks
  5. Slow 1200mV 85C Model Fmax Summary
  6. Timing Closure Recommendations
  7. Slow 1200mV 85C Model Setup Summary
  8. Slow 1200mV 85C Model Hold Summary
  9. Slow 1200mV 85C Model Recovery Summary
 10. Slow 1200mV 85C Model Removal Summary
 11. Slow 1200mV 85C Model Minimum Pulse Width Summary
 12. Slow 1200mV 85C Model Setup: 'clk_i'
 13. Slow 1200mV 85C Model Hold: 'clk_i'
 14. Slow 1200mV 85C Model Minimum Pulse Width: 'clk_i'
 15. Setup Times
 16. Hold Times
 17. Clock to Output Times
 18. Minimum Clock to Output Times
 19. Slow 1200mV 85C Model Metastability Report
 20. Slow 1200mV 0C Model Fmax Summary
 21. Slow 1200mV 0C Model Setup Summary
 22. Slow 1200mV 0C Model Hold Summary
 23. Slow 1200mV 0C Model Recovery Summary
 24. Slow 1200mV 0C Model Removal Summary
 25. Slow 1200mV 0C Model Minimum Pulse Width Summary
 26. Slow 1200mV 0C Model Setup: 'clk_i'
 27. Slow 1200mV 0C Model Hold: 'clk_i'
 28. Slow 1200mV 0C Model Minimum Pulse Width: 'clk_i'
 29. Setup Times
 30. Hold Times
 31. Clock to Output Times
 32. Minimum Clock to Output Times
 33. Slow 1200mV 0C Model Metastability Report
 34. Fast 1200mV 0C Model Setup Summary
 35. Fast 1200mV 0C Model Hold Summary
 36. Fast 1200mV 0C Model Recovery Summary
 37. Fast 1200mV 0C Model Removal Summary
 38. Fast 1200mV 0C Model Minimum Pulse Width Summary
 39. Fast 1200mV 0C Model Setup: 'clk_i'
 40. Fast 1200mV 0C Model Hold: 'clk_i'
 41. Fast 1200mV 0C Model Minimum Pulse Width: 'clk_i'
 42. Setup Times
 43. Hold Times
 44. Clock to Output Times
 45. Minimum Clock to Output Times
 46. Fast 1200mV 0C Model Metastability Report
 47. Multicorner Timing Analysis Summary
 48. Setup Times
 49. Hold Times
 50. Clock to Output Times
 51. Minimum Clock to Output Times
 52. Board Trace Model Assignments
 53. Input Transition Times
 54. Signal Integrity Metrics (Slow 1200mv 0c Model)
 55. Signal Integrity Metrics (Slow 1200mv 85c Model)
 56. Signal Integrity Metrics (Fast 1200mv 0c Model)
 57. Setup Transfers
 58. Hold Transfers
 59. Report TCCS
 60. Report RSKM
 61. Unconstrained Paths
 62. TimeQuest Timing Analyzer Messages



----------------
; Legal Notice ;
----------------
Copyright (C) 1991-2013 Altera Corporation
Your use of Altera Corporation's design tools, logic functions 
and other software and tools, and its AMPP partner logic 
functions, and any output files from any of the foregoing 
(including device programming or simulation files), and any 
associated documentation or information are expressly subject 
to the terms and conditions of the Altera Program License 
Subscription Agreement, Altera MegaCore Function License 
Agreement, or other applicable license agreement, including, 
without limitation, that your use is for the sole purpose of 
programming logic devices manufactured by Altera and sold by 
Altera or its authorized distributors.  Please refer to the 
applicable agreement for further details.



+-------------------------------------------------------------------------+
; TimeQuest Timing Analyzer Summary                                       ;
+--------------------+----------------------------------------------------+
; Quartus II Version ; Version 13.1.0 Build 162 10/23/2013 SJ Web Edition ;
; Revision Name      ; uart                                               ;
; Device Family      ; Cyclone IV E                                       ;
; Device Name        ; EP4CE115F29C7                                      ;
; Timing Models      ; Final                                              ;
; Delay Model        ; Combined                                           ;
; Rise/Fall Delays   ; Enabled                                            ;
+--------------------+----------------------------------------------------+


+------------------------------------------+
; Parallel Compilation                     ;
+----------------------------+-------------+
; Processors                 ; Number      ;
+----------------------------+-------------+
; Number detected on machine ; 32          ;
; Maximum allowed            ; 16          ;
;                            ;             ;
; Average used               ; 1.00        ;
; Maximum used               ; 16          ;
;                            ;             ;
; Usage by Processor         ; % Time Used ;
;     Processor 1            ; 100.0%      ;
;     Processors 2-16        ; < 0.1%      ;
;     Processors 17-32       ;   0.0%      ;
+----------------------------+-------------+


+-----------------------------------------------------------------------------------------------------------------------------------------------------------------------------------+
; Clocks                                                                                                                                                                            ;
+------------+------+--------+------------+-------+-------+------------+-----------+-------------+-------+--------+-----------+------------+----------+--------+--------+-----------+
; Clock Name ; Type ; Period ; Frequency  ; Rise  ; Fall  ; Duty Cycle ; Divide by ; Multiply by ; Phase ; Offset ; Edge List ; Edge Shift ; Inverted ; Master ; Source ; Targets   ;
+------------+------+--------+------------+-------+-------+------------+-----------+-------------+-------+--------+-----------+------------+----------+--------+--------+-----------+
; clk_i      ; Base ; 1.000  ; 1000.0 MHz ; 0.000 ; 0.500 ;            ;           ;             ;       ;        ;           ;            ;          ;        ;        ; { clk_i } ;
+------------+------+--------+------------+-------+-------+------------+-----------+-------------+-------+--------+-----------+------------+----------+--------+--------+-----------+


+-------------------------------------------------+
; Slow 1200mV 85C Model Fmax Summary              ;
+-----------+-----------------+------------+------+
; Fmax      ; Restricted Fmax ; Clock Name ; Note ;
+-----------+-----------------+------------+------+
; 177.3 MHz ; 177.3 MHz       ; clk_i      ;      ;
+-----------+-----------------+------------+------+
This panel reports FMAX for every clock in the design, regardless of the user-specified clock periods.  FMAX is only computed for paths where the source and destination registers or ports are driven by the same clock.  Paths of different clocks, including generated clocks, are ignored.  For paths between a clock and its inversion, FMAX is computed as if the rising and falling edges are scaled along with FMAX, such that the duty cycle (in terms of a percentage) is maintained. Altera recommends that you always use clock constraints and other slack reports for sign-off analysis.


----------------------------------
; Timing Closure Recommendations ;
----------------------------------
HTML report is unavailable in plain text report export.


+-------------------------------------+
; Slow 1200mV 85C Model Setup Summary ;
+-------+--------+--------------------+
; Clock ; Slack  ; End Point TNS      ;
+-------+--------+--------------------+
; clk_i ; -4.640 ; -311.442           ;
+-------+--------+--------------------+


+------------------------------------+
; Slow 1200mV 85C Model Hold Summary ;
+-------+-------+--------------------+
; Clock ; Slack ; End Point TNS      ;
+-------+-------+--------------------+
; clk_i ; 0.342 ; 0.000              ;
+-------+-------+--------------------+


------------------------------------------
; Slow 1200mV 85C Model Recovery Summary ;
------------------------------------------
No paths to report.


-----------------------------------------
; Slow 1200mV 85C Model Removal Summary ;
-----------------------------------------
No paths to report.


+---------------------------------------------------+
; Slow 1200mV 85C Model Minimum Pulse Width Summary ;
+-------+--------+----------------------------------+
; Clock ; Slack  ; End Point TNS                    ;
+-------+--------+----------------------------------+
; clk_i ; -3.000 ; -201.874                         ;
+-------+--------+----------------------------------+


+---------------------------------------------------------------------------------------------------------------------------------------------------------------------------------------------------------------------------------------------------------------------------------------------+
; Slow 1200mV 85C Model Setup: 'clk_i'                                                                                                                                                                                                                                                        ;
+--------+-------------------------------------------------------------------------------------------------------+------------------------------------------------------------------------------------------------------+--------------+-------------+--------------+------------+------------+
; Slack  ; From Node                                                                                             ; To Node                                                                                              ; Launch Clock ; Latch Clock ; Relationship ; Clock Skew ; Data Delay ;
+--------+-------------------------------------------------------------------------------------------------------+------------------------------------------------------------------------------------------------------+--------------+-------------+--------------+------------+------------+
; -4.640 ; fifo:u_fifo_rx|altsyncram:memory_rtl_0|altsyncram_5pd1:auto_generated|ram_block1a0~portb_address_reg0 ; fifo:u_fifo_tx|memory~8                                                                              ; clk_i        ; clk_i       ; 1.000        ; -0.436     ; 5.202      ;
; -4.619 ; fifo:u_fifo_rx|altsyncram:memory_rtl_0|altsyncram_5pd1:auto_generated|ram_block1a0~portb_address_reg0 ; fifo:u_fifo_tx|memory~2                                                                              ; clk_i        ; clk_i       ; 1.000        ; -0.436     ; 5.181      ;
; -4.512 ; fifo:u_fifo_rx|altsyncram:memory_rtl_0|altsyncram_5pd1:auto_generated|ram_block1a0~portb_address_reg0 ; fifo:u_fifo_tx|altsyncram:memory_rtl_0|altsyncram_5pd1:auto_generated|ram_block1a0~porta_datain_reg0 ; clk_i        ; clk_i       ; 1.000        ; -0.068     ; 5.482      ;
; -4.450 ; fifo:u_fifo_rx|altsyncram:memory_rtl_0|altsyncram_5pd1:auto_generated|ram_block1a0~portb_address_reg0 ; fifo:u_fifo_tx|memory_rtl_0_bypass[10]                                                               ; clk_i        ; clk_i       ; 1.000        ; -0.437     ; 5.011      ;
; -4.446 ; fifo:u_fifo_rx|altsyncram:memory_rtl_0|altsyncram_5pd1:auto_generated|ram_block1a0~portb_address_reg0 ; fifo:u_fifo_tx|memory~5                                                                              ; clk_i        ; clk_i       ; 1.000        ; -0.436     ; 5.008      ;
; -4.442 ; fifo:u_fifo_rx|altsyncram:memory_rtl_0|altsyncram_5pd1:auto_generated|ram_block1a0~portb_address_reg0 ; fifo:u_fifo_tx|memory~7                                                                              ; clk_i        ; clk_i       ; 1.000        ; -0.436     ; 5.004      ;
; -4.193 ; fifo:u_fifo_rx|altsyncram:memory_rtl_0|altsyncram_5pd1:auto_generated|ram_block1a0~portb_address_reg0 ; fifo:u_fifo_tx|memory~3                                                                              ; clk_i        ; clk_i       ; 1.000        ; -0.053     ; 5.138      ;
; -3.961 ; fifo:u_fifo_rx|altsyncram:memory_rtl_0|altsyncram_5pd1:auto_generated|ram_block1a0~portb_address_reg0 ; fifo:u_fifo_tx|memory~6                                                                              ; clk_i        ; clk_i       ; 1.000        ; -0.053     ; 4.906      ;
; -3.923 ; fifo:u_fifo_rx|altsyncram:memory_rtl_0|altsyncram_5pd1:auto_generated|ram_block1a0~portb_address_reg0 ; fifo:u_fifo_tx|memory~4                                                                              ; clk_i        ; clk_i       ; 1.000        ; -0.053     ; 4.868      ;
; -3.908 ; fifo:u_fifo_rx|altsyncram:memory_rtl_0|altsyncram_5pd1:auto_generated|ram_block1a0~portb_address_reg0 ; fifo:u_fifo_tx|memory~1                                                                              ; clk_i        ; clk_i       ; 1.000        ; -0.053     ; 4.853      ;
; -3.907 ; fifo:u_fifo_rx|altsyncram:memory_rtl_0|altsyncram_5pd1:auto_generated|ram_block1a0~portb_address_reg0 ; fifo:u_fifo_tx|memory_rtl_0_bypass[15]                                                               ; clk_i        ; clk_i       ; 1.000        ; -0.437     ; 4.468      ;
; -3.906 ; fifo:u_fifo_rx|altsyncram:memory_rtl_0|altsyncram_5pd1:auto_generated|ram_block1a0~portb_address_reg0 ; fifo:u_fifo_tx|memory_rtl_0_bypass[16]                                                               ; clk_i        ; clk_i       ; 1.000        ; -0.437     ; 4.467      ;
; -3.889 ; fifo:u_fifo_rx|altsyncram:memory_rtl_0|altsyncram_5pd1:auto_generated|ram_block1a0~portb_address_reg0 ; fifo:u_fifo_tx|memory_rtl_0_bypass[11]                                                               ; clk_i        ; clk_i       ; 1.000        ; -0.442     ; 4.445      ;
; -3.879 ; fifo:u_fifo_rx|altsyncram:memory_rtl_0|altsyncram_5pd1:auto_generated|ram_block1a0~portb_address_reg0 ; fifo:u_fifo_tx|memory_rtl_0_bypass[13]                                                               ; clk_i        ; clk_i       ; 1.000        ; -0.437     ; 4.440      ;
; -3.857 ; fifo:u_fifo_tx|altsyncram:memory_rtl_0|altsyncram_5pd1:auto_generated|ram_block1a0~portb_address_reg0 ; uart_tx:u_uart_tx|b_reg[7]                                                                           ; clk_i        ; clk_i       ; 1.000        ; -0.027     ; 4.828      ;
; -3.642 ; fifo:u_fifo_tx|altsyncram:memory_rtl_0|altsyncram_5pd1:auto_generated|ram_block1a0~portb_address_reg0 ; uart_tx:u_uart_tx|b_reg[3]                                                                           ; clk_i        ; clk_i       ; 1.000        ; -0.021     ; 4.619      ;
; -3.624 ; fifo:u_fifo_rx|altsyncram:memory_rtl_0|altsyncram_5pd1:auto_generated|ram_block1a0~portb_address_reg0 ; fifo:u_fifo_tx|memory_rtl_0_bypass[12]                                                               ; clk_i        ; clk_i       ; 1.000        ; -0.442     ; 4.180      ;
; -3.622 ; fifo:u_fifo_rx|altsyncram:memory_rtl_0|altsyncram_5pd1:auto_generated|ram_block1a0~portb_address_reg0 ; fifo:u_fifo_tx|memory_rtl_0_bypass[14]                                                               ; clk_i        ; clk_i       ; 1.000        ; -0.442     ; 4.178      ;
; -3.611 ; fifo:u_fifo_tx|altsyncram:memory_rtl_0|altsyncram_5pd1:auto_generated|ram_block1a0~portb_address_reg0 ; uart_tx:u_uart_tx|b_reg[5]                                                                           ; clk_i        ; clk_i       ; 1.000        ; -0.021     ; 4.588      ;
; -3.603 ; fifo:u_fifo_tx|altsyncram:memory_rtl_0|altsyncram_5pd1:auto_generated|ram_block1a0~portb_address_reg0 ; uart_tx:u_uart_tx|b_reg[4]                                                                           ; clk_i        ; clk_i       ; 1.000        ; -0.021     ; 4.580      ;
; -3.595 ; fifo:u_fifo_rx|altsyncram:memory_rtl_0|altsyncram_5pd1:auto_generated|ram_block1a0~portb_address_reg0 ; fifo:u_fifo_tx|memory_rtl_0_bypass[9]                                                                ; clk_i        ; clk_i       ; 1.000        ; -0.442     ; 4.151      ;
; -3.562 ; fifo:u_fifo_tx|altsyncram:memory_rtl_0|altsyncram_5pd1:auto_generated|ram_block1a0~portb_address_reg0 ; uart_tx:u_uart_tx|b_reg[2]                                                                           ; clk_i        ; clk_i       ; 1.000        ; -0.021     ; 4.539      ;
; -3.538 ; fifo:u_fifo_tx|altsyncram:memory_rtl_0|altsyncram_5pd1:auto_generated|ram_block1a0~portb_address_reg0 ; uart_tx:u_uart_tx|b_reg[6]                                                                           ; clk_i        ; clk_i       ; 1.000        ; -0.021     ; 4.515      ;
; -3.501 ; fifo:u_fifo_tx|altsyncram:memory_rtl_0|altsyncram_5pd1:auto_generated|ram_block1a0~portb_address_reg0 ; uart_tx:u_uart_tx|b_reg[0]                                                                           ; clk_i        ; clk_i       ; 1.000        ; -0.021     ; 4.478      ;
; -3.491 ; fifo:u_fifo_rx|r_ptr[2]                                                                               ; fifo:u_fifo_tx|memory~1                                                                              ; clk_i        ; clk_i       ; 1.000        ; -0.157     ; 4.332      ;
; -3.491 ; fifo:u_fifo_rx|r_ptr[2]                                                                               ; fifo:u_fifo_tx|memory~3                                                                              ; clk_i        ; clk_i       ; 1.000        ; -0.157     ; 4.332      ;
; -3.491 ; fifo:u_fifo_rx|r_ptr[2]                                                                               ; fifo:u_fifo_tx|memory~4                                                                              ; clk_i        ; clk_i       ; 1.000        ; -0.157     ; 4.332      ;
; -3.491 ; fifo:u_fifo_rx|r_ptr[2]                                                                               ; fifo:u_fifo_tx|memory~6                                                                              ; clk_i        ; clk_i       ; 1.000        ; -0.157     ; 4.332      ;
; -3.478 ; fifo:u_fifo_tx|altsyncram:memory_rtl_0|altsyncram_5pd1:auto_generated|ram_block1a0~portb_address_reg0 ; uart_tx:u_uart_tx|b_reg[1]                                                                           ; clk_i        ; clk_i       ; 1.000        ; -0.021     ; 4.455      ;
; -3.262 ; fifo:u_fifo_tx|fifo_cnt[0]                                                                            ; fifo:u_fifo_tx|memory~1                                                                              ; clk_i        ; clk_i       ; 1.000        ; 0.299      ; 4.559      ;
; -3.262 ; fifo:u_fifo_tx|fifo_cnt[0]                                                                            ; fifo:u_fifo_tx|memory~3                                                                              ; clk_i        ; clk_i       ; 1.000        ; 0.299      ; 4.559      ;
; -3.262 ; fifo:u_fifo_tx|fifo_cnt[0]                                                                            ; fifo:u_fifo_tx|memory~4                                                                              ; clk_i        ; clk_i       ; 1.000        ; 0.299      ; 4.559      ;
; -3.262 ; fifo:u_fifo_tx|fifo_cnt[0]                                                                            ; fifo:u_fifo_tx|memory~6                                                                              ; clk_i        ; clk_i       ; 1.000        ; 0.299      ; 4.559      ;
; -3.254 ; fifo:u_fifo_rx|r_ptr[2]                                                                               ; fifo:u_fifo_tx|memory~2                                                                              ; clk_i        ; clk_i       ; 1.000        ; -0.540     ; 3.712      ;
; -3.254 ; fifo:u_fifo_rx|r_ptr[2]                                                                               ; fifo:u_fifo_tx|memory~5                                                                              ; clk_i        ; clk_i       ; 1.000        ; -0.540     ; 3.712      ;
; -3.254 ; fifo:u_fifo_rx|r_ptr[2]                                                                               ; fifo:u_fifo_tx|memory~7                                                                              ; clk_i        ; clk_i       ; 1.000        ; -0.540     ; 3.712      ;
; -3.254 ; fifo:u_fifo_rx|r_ptr[2]                                                                               ; fifo:u_fifo_tx|memory~8                                                                              ; clk_i        ; clk_i       ; 1.000        ; -0.540     ; 3.712      ;
; -3.146 ; fifo:u_fifo_tx|fifo_cnt[0]                                                                            ; fifo:u_fifo_rx|fifo_cnt[3]                                                                           ; clk_i        ; clk_i       ; 1.000        ; -0.080     ; 4.064      ;
; -3.130 ; fifo:u_fifo_rx|r_ptr[1]                                                                               ; fifo:u_fifo_tx|memory~1                                                                              ; clk_i        ; clk_i       ; 1.000        ; -0.157     ; 3.971      ;
; -3.130 ; fifo:u_fifo_rx|r_ptr[1]                                                                               ; fifo:u_fifo_tx|memory~3                                                                              ; clk_i        ; clk_i       ; 1.000        ; -0.157     ; 3.971      ;
; -3.130 ; fifo:u_fifo_rx|r_ptr[1]                                                                               ; fifo:u_fifo_tx|memory~4                                                                              ; clk_i        ; clk_i       ; 1.000        ; -0.157     ; 3.971      ;
; -3.130 ; fifo:u_fifo_rx|r_ptr[1]                                                                               ; fifo:u_fifo_tx|memory~6                                                                              ; clk_i        ; clk_i       ; 1.000        ; -0.157     ; 3.971      ;
; -3.127 ; fifo:u_fifo_tx|fifo_cnt[0]                                                                            ; fifo:u_fifo_rx|fifo_cnt[4]                                                                           ; clk_i        ; clk_i       ; 1.000        ; -0.080     ; 4.045      ;
; -3.120 ; fifo:u_fifo_tx|fifo_cnt[0]                                                                            ; fifo:u_fifo_tx|fifo_cnt[4]                                                                           ; clk_i        ; clk_i       ; 1.000        ; -0.081     ; 4.037      ;
; -3.096 ; fifo:u_fifo_rx|memory_rtl_0_bypass[3]                                                                 ; fifo:u_fifo_tx|memory~2                                                                              ; clk_i        ; clk_i       ; 1.000        ; -0.510     ; 3.584      ;
; -3.089 ; fifo:u_fifo_tx|fifo_cnt[3]                                                                            ; fifo:u_fifo_tx|memory~1                                                                              ; clk_i        ; clk_i       ; 1.000        ; 0.299      ; 4.386      ;
; -3.089 ; fifo:u_fifo_tx|fifo_cnt[3]                                                                            ; fifo:u_fifo_tx|memory~3                                                                              ; clk_i        ; clk_i       ; 1.000        ; 0.299      ; 4.386      ;
; -3.089 ; fifo:u_fifo_tx|fifo_cnt[3]                                                                            ; fifo:u_fifo_tx|memory~4                                                                              ; clk_i        ; clk_i       ; 1.000        ; 0.299      ; 4.386      ;
; -3.089 ; fifo:u_fifo_tx|fifo_cnt[3]                                                                            ; fifo:u_fifo_tx|memory~6                                                                              ; clk_i        ; clk_i       ; 1.000        ; 0.299      ; 4.386      ;
; -3.074 ; fifo:u_fifo_rx|memory_rtl_0_bypass[3]                                                                 ; fifo:u_fifo_tx|memory~8                                                                              ; clk_i        ; clk_i       ; 1.000        ; -0.510     ; 3.562      ;
; -3.070 ; fifo:u_fifo_rx|memory_rtl_0_bypass[1]                                                                 ; fifo:u_fifo_tx|memory~2                                                                              ; clk_i        ; clk_i       ; 1.000        ; -0.510     ; 3.558      ;
; -3.054 ; fifo:u_fifo_rx|memory_rtl_0_bypass[1]                                                                 ; fifo:u_fifo_tx|memory~8                                                                              ; clk_i        ; clk_i       ; 1.000        ; -0.510     ; 3.542      ;
; -3.041 ; fifo:u_fifo_tx|fifo_cnt[0]                                                                            ; fifo:u_fifo_tx|fifo_cnt[3]                                                                           ; clk_i        ; clk_i       ; 1.000        ; -0.081     ; 3.958      ;
; -3.025 ; fifo:u_fifo_tx|fifo_cnt[0]                                                                            ; fifo:u_fifo_tx|memory~2                                                                              ; clk_i        ; clk_i       ; 1.000        ; -0.084     ; 3.939      ;
; -3.025 ; fifo:u_fifo_tx|fifo_cnt[0]                                                                            ; fifo:u_fifo_tx|memory~5                                                                              ; clk_i        ; clk_i       ; 1.000        ; -0.084     ; 3.939      ;
; -3.025 ; fifo:u_fifo_tx|fifo_cnt[0]                                                                            ; fifo:u_fifo_tx|memory~7                                                                              ; clk_i        ; clk_i       ; 1.000        ; -0.084     ; 3.939      ;
; -3.025 ; fifo:u_fifo_tx|fifo_cnt[0]                                                                            ; fifo:u_fifo_tx|memory~8                                                                              ; clk_i        ; clk_i       ; 1.000        ; -0.084     ; 3.939      ;
; -3.014 ; fifo:u_fifo_tx|fifo_cnt[0]                                                                            ; fifo:u_fifo_rx|fifo_cnt[1]                                                                           ; clk_i        ; clk_i       ; 1.000        ; -0.080     ; 3.932      ;
; -2.995 ; fifo:u_fifo_tx|fifo_cnt[0]                                                                            ; fifo:u_fifo_rx|fifo_cnt[2]                                                                           ; clk_i        ; clk_i       ; 1.000        ; -0.080     ; 3.913      ;
; -2.988 ; fifo:u_fifo_tx|fifo_cnt[0]                                                                            ; fifo:u_fifo_tx|fifo_cnt[2]                                                                           ; clk_i        ; clk_i       ; 1.000        ; -0.081     ; 3.905      ;
; -2.987 ; fifo:u_fifo_rx|memory_rtl_0_bypass[2]                                                                 ; fifo:u_fifo_tx|memory~2                                                                              ; clk_i        ; clk_i       ; 1.000        ; -0.540     ; 3.445      ;
; -2.980 ; fifo:u_fifo_tx|memory_rtl_0_bypass[5]                                                                 ; uart_tx:u_uart_tx|b_reg[1]                                                                           ; clk_i        ; clk_i       ; 1.000        ; 0.340      ; 4.318      ;
; -2.973 ; fifo:u_fifo_tx|fifo_cnt[3]                                                                            ; fifo:u_fifo_rx|fifo_cnt[3]                                                                           ; clk_i        ; clk_i       ; 1.000        ; -0.080     ; 3.891      ;
; -2.965 ; fifo:u_fifo_rx|memory_rtl_0_bypass[2]                                                                 ; fifo:u_fifo_tx|memory~8                                                                              ; clk_i        ; clk_i       ; 1.000        ; -0.540     ; 3.423      ;
; -2.958 ; fifo:u_fifo_rx|w_ptr[0]                                                                               ; fifo:u_fifo_rx|memory~1                                                                              ; clk_i        ; clk_i       ; 1.000        ; -0.091     ; 3.865      ;
; -2.958 ; fifo:u_fifo_rx|w_ptr[0]                                                                               ; fifo:u_fifo_rx|memory~6                                                                              ; clk_i        ; clk_i       ; 1.000        ; -0.091     ; 3.865      ;
; -2.958 ; fifo:u_fifo_rx|w_ptr[0]                                                                               ; fifo:u_fifo_rx|memory~4                                                                              ; clk_i        ; clk_i       ; 1.000        ; -0.091     ; 3.865      ;
; -2.958 ; fifo:u_fifo_rx|w_ptr[0]                                                                               ; fifo:u_fifo_rx|memory~3                                                                              ; clk_i        ; clk_i       ; 1.000        ; -0.091     ; 3.865      ;
; -2.954 ; fifo:u_fifo_tx|fifo_cnt[3]                                                                            ; fifo:u_fifo_rx|fifo_cnt[4]                                                                           ; clk_i        ; clk_i       ; 1.000        ; -0.080     ; 3.872      ;
; -2.953 ; fifo:u_fifo_rx|memory_rtl_0_bypass[1]                                                                 ; fifo:u_fifo_tx|altsyncram:memory_rtl_0|altsyncram_5pd1:auto_generated|ram_block1a0~porta_datain_reg0 ; clk_i        ; clk_i       ; 1.000        ; -0.142     ; 3.849      ;
; -2.947 ; fifo:u_fifo_tx|fifo_cnt[3]                                                                            ; fifo:u_fifo_tx|fifo_cnt[4]                                                                           ; clk_i        ; clk_i       ; 1.000        ; -0.081     ; 3.864      ;
; -2.946 ; fifo:u_fifo_rx|memory_rtl_0_bypass[3]                                                                 ; fifo:u_fifo_tx|altsyncram:memory_rtl_0|altsyncram_5pd1:auto_generated|ram_block1a0~porta_datain_reg0 ; clk_i        ; clk_i       ; 1.000        ; -0.142     ; 3.842      ;
; -2.940 ; fifo:u_fifo_rx|r_ptr[3]                                                                               ; fifo:u_fifo_tx|memory~1                                                                              ; clk_i        ; clk_i       ; 1.000        ; -0.157     ; 3.781      ;
; -2.940 ; fifo:u_fifo_rx|r_ptr[3]                                                                               ; fifo:u_fifo_tx|memory~3                                                                              ; clk_i        ; clk_i       ; 1.000        ; -0.157     ; 3.781      ;
; -2.940 ; fifo:u_fifo_rx|r_ptr[3]                                                                               ; fifo:u_fifo_tx|memory~4                                                                              ; clk_i        ; clk_i       ; 1.000        ; -0.157     ; 3.781      ;
; -2.940 ; fifo:u_fifo_rx|r_ptr[3]                                                                               ; fifo:u_fifo_tx|memory~6                                                                              ; clk_i        ; clk_i       ; 1.000        ; -0.157     ; 3.781      ;
; -2.935 ; fifo:u_fifo_rx|memory_rtl_0_bypass[3]                                                                 ; fifo:u_fifo_tx|memory_rtl_0_bypass[10]                                                               ; clk_i        ; clk_i       ; 1.000        ; -0.511     ; 3.422      ;
; -2.922 ; fifo:u_fifo_rx|fifo_cnt[3]                                                                            ; fifo:u_fifo_tx|memory~1                                                                              ; clk_i        ; clk_i       ; 1.000        ; 0.298      ; 4.218      ;
; -2.922 ; fifo:u_fifo_rx|fifo_cnt[3]                                                                            ; fifo:u_fifo_tx|memory~3                                                                              ; clk_i        ; clk_i       ; 1.000        ; 0.298      ; 4.218      ;
; -2.922 ; fifo:u_fifo_rx|fifo_cnt[3]                                                                            ; fifo:u_fifo_tx|memory~4                                                                              ; clk_i        ; clk_i       ; 1.000        ; 0.298      ; 4.218      ;
; -2.922 ; fifo:u_fifo_rx|fifo_cnt[3]                                                                            ; fifo:u_fifo_tx|memory~6                                                                              ; clk_i        ; clk_i       ; 1.000        ; 0.298      ; 4.218      ;
; -2.918 ; fifo:u_fifo_rx|fifo_cnt[0]                                                                            ; fifo:u_fifo_tx|memory~1                                                                              ; clk_i        ; clk_i       ; 1.000        ; 0.298      ; 4.214      ;
; -2.918 ; fifo:u_fifo_rx|fifo_cnt[0]                                                                            ; fifo:u_fifo_tx|memory~3                                                                              ; clk_i        ; clk_i       ; 1.000        ; 0.298      ; 4.214      ;
; -2.918 ; fifo:u_fifo_rx|fifo_cnt[0]                                                                            ; fifo:u_fifo_tx|memory~4                                                                              ; clk_i        ; clk_i       ; 1.000        ; 0.298      ; 4.214      ;
; -2.918 ; fifo:u_fifo_rx|fifo_cnt[0]                                                                            ; fifo:u_fifo_tx|memory~6                                                                              ; clk_i        ; clk_i       ; 1.000        ; 0.298      ; 4.214      ;
; -2.909 ; fifo:u_fifo_tx|fifo_cnt[0]                                                                            ; fifo:u_fifo_tx|fifo_cnt[1]                                                                           ; clk_i        ; clk_i       ; 1.000        ; -0.081     ; 3.826      ;
; -2.909 ; fifo:u_fifo_rx|memory_rtl_0_bypass[1]                                                                 ; fifo:u_fifo_tx|memory_rtl_0_bypass[10]                                                               ; clk_i        ; clk_i       ; 1.000        ; -0.511     ; 3.396      ;
; -2.893 ; fifo:u_fifo_rx|r_ptr[1]                                                                               ; fifo:u_fifo_tx|memory~2                                                                              ; clk_i        ; clk_i       ; 1.000        ; -0.540     ; 3.351      ;
; -2.893 ; fifo:u_fifo_rx|r_ptr[1]                                                                               ; fifo:u_fifo_tx|memory~5                                                                              ; clk_i        ; clk_i       ; 1.000        ; -0.540     ; 3.351      ;
; -2.893 ; fifo:u_fifo_rx|r_ptr[1]                                                                               ; fifo:u_fifo_tx|memory~7                                                                              ; clk_i        ; clk_i       ; 1.000        ; -0.540     ; 3.351      ;
; -2.893 ; fifo:u_fifo_rx|r_ptr[1]                                                                               ; fifo:u_fifo_tx|memory~8                                                                              ; clk_i        ; clk_i       ; 1.000        ; -0.540     ; 3.351      ;
; -2.892 ; fifo:u_fifo_tx|fifo_cnt[3]                                                                            ; fifo:u_fifo_tx|fifo_cnt[3]                                                                           ; clk_i        ; clk_i       ; 1.000        ; -0.081     ; 3.809      ;
; -2.890 ; fifo:u_fifo_tx|fifo_cnt[2]                                                                            ; fifo:u_fifo_tx|memory~1                                                                              ; clk_i        ; clk_i       ; 1.000        ; 0.299      ; 4.187      ;
; -2.890 ; fifo:u_fifo_tx|fifo_cnt[2]                                                                            ; fifo:u_fifo_tx|memory~3                                                                              ; clk_i        ; clk_i       ; 1.000        ; 0.299      ; 4.187      ;
; -2.890 ; fifo:u_fifo_tx|fifo_cnt[2]                                                                            ; fifo:u_fifo_tx|memory~4                                                                              ; clk_i        ; clk_i       ; 1.000        ; 0.299      ; 4.187      ;
; -2.890 ; fifo:u_fifo_tx|fifo_cnt[2]                                                                            ; fifo:u_fifo_tx|memory~6                                                                              ; clk_i        ; clk_i       ; 1.000        ; 0.299      ; 4.187      ;
; -2.888 ; fifo:u_fifo_rx|memory_rtl_0_bypass[1]                                                                 ; fifo:u_fifo_tx|memory~5                                                                              ; clk_i        ; clk_i       ; 1.000        ; -0.510     ; 3.376      ;
; -2.881 ; fifo:u_fifo_rx|memory_rtl_0_bypass[3]                                                                 ; fifo:u_fifo_tx|memory~5                                                                              ; clk_i        ; clk_i       ; 1.000        ; -0.510     ; 3.369      ;
; -2.866 ; fifo:u_fifo_tx|w_ptr[0]                                                                               ; fifo:u_fifo_tx|memory~1                                                                              ; clk_i        ; clk_i       ; 1.000        ; -0.157     ; 3.707      ;
; -2.866 ; fifo:u_fifo_tx|w_ptr[0]                                                                               ; fifo:u_fifo_tx|memory~3                                                                              ; clk_i        ; clk_i       ; 1.000        ; -0.157     ; 3.707      ;
+--------+-------------------------------------------------------------------------------------------------------+------------------------------------------------------------------------------------------------------+--------------+-------------+--------------+------------+------------+


+-------------------------------------------------------------------------------------------------------------------------------------------------------------------------------------------------------------------------------------------+
; Slow 1200mV 85C Model Hold: 'clk_i'                                                                                                                                                                                                       ;
+-------+-----------------------------------------------------+-------------------------------------------------------------------------------------------------------+--------------+-------------+--------------+------------+------------+
; Slack ; From Node                                           ; To Node                                                                                               ; Launch Clock ; Latch Clock ; Relationship ; Clock Skew ; Data Delay ;
+-------+-----------------------------------------------------+-------------------------------------------------------------------------------------------------------+--------------+-------------+--------------+------------+------------+
; 0.342 ; uart_rx:u_uart_rx|data_o[1]                         ; fifo:u_fifo_rx|altsyncram:memory_rtl_0|altsyncram_5pd1:auto_generated|ram_block1a0~porta_datain_reg0  ; clk_i        ; clk_i       ; 0.000        ; 0.440      ; 1.004      ;
; 0.352 ; uart_rx:u_uart_rx|data_o[5]                         ; fifo:u_fifo_rx|altsyncram:memory_rtl_0|altsyncram_5pd1:auto_generated|ram_block1a0~porta_datain_reg0  ; clk_i        ; clk_i       ; 0.000        ; 0.440      ; 1.014      ;
; 0.357 ; fifo:u_fifo_rx|w_ptr[1]                             ; fifo:u_fifo_rx|altsyncram:memory_rtl_0|altsyncram_5pd1:auto_generated|ram_block1a0~porta_address_reg0 ; clk_i        ; clk_i       ; 0.000        ; 0.436      ; 1.015      ;
; 0.361 ; uart_rx:u_uart_rx|data_o[7]                         ; fifo:u_fifo_rx|altsyncram:memory_rtl_0|altsyncram_5pd1:auto_generated|ram_block1a0~porta_datain_reg0  ; clk_i        ; clk_i       ; 0.000        ; 0.440      ; 1.023      ;
; 0.366 ; uart_rx:u_uart_rx|data_o[6]                         ; fifo:u_fifo_rx|altsyncram:memory_rtl_0|altsyncram_5pd1:auto_generated|ram_block1a0~porta_datain_reg0  ; clk_i        ; clk_i       ; 0.000        ; 0.440      ; 1.028      ;
; 0.372 ; fifo:u_fifo_rx|w_ptr[3]                             ; fifo:u_fifo_rx|altsyncram:memory_rtl_0|altsyncram_5pd1:auto_generated|ram_block1a0~porta_address_reg0 ; clk_i        ; clk_i       ; 0.000        ; 0.436      ; 1.030      ;
; 0.373 ; uart_rx:u_uart_rx|data_o[4]                         ; fifo:u_fifo_rx|altsyncram:memory_rtl_0|altsyncram_5pd1:auto_generated|ram_block1a0~porta_datain_reg0  ; clk_i        ; clk_i       ; 0.000        ; 0.440      ; 1.035      ;
; 0.382 ; uart_rx:u_uart_rx|data_o[0]                         ; fifo:u_fifo_rx|altsyncram:memory_rtl_0|altsyncram_5pd1:auto_generated|ram_block1a0~porta_datain_reg0  ; clk_i        ; clk_i       ; 0.000        ; 0.440      ; 1.044      ;
; 0.382 ; uart_rx:u_uart_rx|data_o[2]                         ; fifo:u_fifo_rx|altsyncram:memory_rtl_0|altsyncram_5pd1:auto_generated|ram_block1a0~porta_datain_reg0  ; clk_i        ; clk_i       ; 0.000        ; 0.440      ; 1.044      ;
; 0.385 ; uart_tx:u_uart_tx|b_reg[7]                          ; uart_tx:u_uart_tx|b_reg[7]                                                                            ; clk_i        ; clk_i       ; 0.000        ; 0.098      ; 0.669      ;
; 0.389 ; fifo:u_fifo_tx|w_ptr[0]                             ; fifo:u_fifo_tx|w_ptr[0]                                                                               ; clk_i        ; clk_i       ; 0.000        ; 0.099      ; 0.674      ;
; 0.397 ; fifo:u_fifo_tx|r_ptr[3]                             ; fifo:u_fifo_tx|altsyncram:memory_rtl_0|altsyncram_5pd1:auto_generated|ram_block1a0~portb_address_reg0 ; clk_i        ; clk_i       ; 0.000        ; 0.442      ; 1.061      ;
; 0.402 ; fifo:u_fifo_tx|r_ptr[3]                             ; fifo:u_fifo_tx|r_ptr[3]                                                                               ; clk_i        ; clk_i       ; 0.000        ; 0.081      ; 0.669      ;
; 0.402 ; fifo:u_fifo_rx|w_ptr[3]                             ; fifo:u_fifo_rx|w_ptr[3]                                                                               ; clk_i        ; clk_i       ; 0.000        ; 0.081      ; 0.669      ;
; 0.402 ; fifo:u_fifo_rx|w_ptr[2]                             ; fifo:u_fifo_rx|w_ptr[2]                                                                               ; clk_i        ; clk_i       ; 0.000        ; 0.081      ; 0.669      ;
; 0.402 ; fifo:u_fifo_rx|w_ptr[0]                             ; fifo:u_fifo_rx|w_ptr[0]                                                                               ; clk_i        ; clk_i       ; 0.000        ; 0.081      ; 0.669      ;
; 0.402 ; uart_rx:u_uart_rx|state.START                       ; uart_rx:u_uart_rx|state.START                                                                         ; clk_i        ; clk_i       ; 0.000        ; 0.081      ; 0.669      ;
; 0.402 ; uart_rx:u_uart_rx|state.DATA                        ; uart_rx:u_uart_rx|state.DATA                                                                          ; clk_i        ; clk_i       ; 0.000        ; 0.081      ; 0.669      ;
; 0.402 ; uart_rx:u_uart_rx|state.STOP                        ; uart_rx:u_uart_rx|state.STOP                                                                          ; clk_i        ; clk_i       ; 0.000        ; 0.081      ; 0.669      ;
; 0.402 ; uart_rx:u_uart_rx|bit_cnt[2]                        ; uart_rx:u_uart_rx|bit_cnt[2]                                                                          ; clk_i        ; clk_i       ; 0.000        ; 0.081      ; 0.669      ;
; 0.402 ; uart_rx:u_uart_rx|bit_cnt[0]                        ; uart_rx:u_uart_rx|bit_cnt[0]                                                                          ; clk_i        ; clk_i       ; 0.000        ; 0.081      ; 0.669      ;
; 0.402 ; uart_rx:u_uart_rx|bit_cnt[1]                        ; uart_rx:u_uart_rx|bit_cnt[1]                                                                          ; clk_i        ; clk_i       ; 0.000        ; 0.081      ; 0.669      ;
; 0.403 ; tx_controller:u_tx_controller|uart_ready            ; tx_controller:u_tx_controller|uart_ready                                                              ; clk_i        ; clk_i       ; 0.000        ; 0.080      ; 0.669      ;
; 0.403 ; uart_tx:u_uart_tx|tick_cnt[2]                       ; uart_tx:u_uart_tx|tick_cnt[2]                                                                         ; clk_i        ; clk_i       ; 0.000        ; 0.080      ; 0.669      ;
; 0.403 ; uart_tx:u_uart_tx|tick_cnt[0]                       ; uart_tx:u_uart_tx|tick_cnt[0]                                                                         ; clk_i        ; clk_i       ; 0.000        ; 0.080      ; 0.669      ;
; 0.403 ; uart_tx:u_uart_tx|tick_cnt[1]                       ; uart_tx:u_uart_tx|tick_cnt[1]                                                                         ; clk_i        ; clk_i       ; 0.000        ; 0.080      ; 0.669      ;
; 0.403 ; uart_tx:u_uart_tx|tick_cnt[3]                       ; uart_tx:u_uart_tx|tick_cnt[3]                                                                         ; clk_i        ; clk_i       ; 0.000        ; 0.080      ; 0.669      ;
; 0.403 ; uart_tx:u_uart_tx|state.DATA                        ; uart_tx:u_uart_tx|state.DATA                                                                          ; clk_i        ; clk_i       ; 0.000        ; 0.080      ; 0.669      ;
; 0.403 ; uart_tx:u_uart_tx|state.IDLE                        ; uart_tx:u_uart_tx|state.IDLE                                                                          ; clk_i        ; clk_i       ; 0.000        ; 0.080      ; 0.669      ;
; 0.403 ; uart_tx:u_uart_tx|state.START                       ; uart_tx:u_uart_tx|state.START                                                                         ; clk_i        ; clk_i       ; 0.000        ; 0.080      ; 0.669      ;
; 0.403 ; uart_tx:u_uart_tx|state.STOP                        ; uart_tx:u_uart_tx|state.STOP                                                                          ; clk_i        ; clk_i       ; 0.000        ; 0.080      ; 0.669      ;
; 0.403 ; uart_tx:u_uart_tx|bit_cnt[0]                        ; uart_tx:u_uart_tx|bit_cnt[0]                                                                          ; clk_i        ; clk_i       ; 0.000        ; 0.080      ; 0.669      ;
; 0.403 ; uart_tx:u_uart_tx|bit_cnt[2]                        ; uart_tx:u_uart_tx|bit_cnt[2]                                                                          ; clk_i        ; clk_i       ; 0.000        ; 0.080      ; 0.669      ;
; 0.403 ; uart_tx:u_uart_tx|bit_cnt[1]                        ; uart_tx:u_uart_tx|bit_cnt[1]                                                                          ; clk_i        ; clk_i       ; 0.000        ; 0.080      ; 0.669      ;
; 0.403 ; uart_rx:u_uart_rx|tick_cnt[3]                       ; uart_rx:u_uart_rx|tick_cnt[3]                                                                         ; clk_i        ; clk_i       ; 0.000        ; 0.080      ; 0.669      ;
; 0.403 ; uart_rx:u_uart_rx|tick_cnt[2]                       ; uart_rx:u_uart_rx|tick_cnt[2]                                                                         ; clk_i        ; clk_i       ; 0.000        ; 0.080      ; 0.669      ;
; 0.403 ; uart_rx:u_uart_rx|tick_cnt[1]                       ; uart_rx:u_uart_rx|tick_cnt[1]                                                                         ; clk_i        ; clk_i       ; 0.000        ; 0.080      ; 0.669      ;
; 0.403 ; uart_rx:u_uart_rx|tick_cnt[0]                       ; uart_rx:u_uart_rx|tick_cnt[0]                                                                         ; clk_i        ; clk_i       ; 0.000        ; 0.080      ; 0.669      ;
; 0.403 ; baud_gen:u_baud_gen|count[0]                        ; baud_gen:u_baud_gen|count[0]                                                                          ; clk_i        ; clk_i       ; 0.000        ; 0.080      ; 0.669      ;
; 0.407 ; fifo:u_fifo_tx|r_ptr[0]                             ; fifo:u_fifo_tx|r_ptr[0]                                                                               ; clk_i        ; clk_i       ; 0.000        ; 0.081      ; 0.674      ;
; 0.410 ; uart_rx:u_uart_rx|data_o[3]                         ; fifo:u_fifo_rx|altsyncram:memory_rtl_0|altsyncram_5pd1:auto_generated|ram_block1a0~porta_datain_reg0  ; clk_i        ; clk_i       ; 0.000        ; 0.440      ; 1.072      ;
; 0.414 ; fifo:u_fifo_rx|w_ptr[2]                             ; fifo:u_fifo_rx|altsyncram:memory_rtl_0|altsyncram_5pd1:auto_generated|ram_block1a0~porta_address_reg0 ; clk_i        ; clk_i       ; 0.000        ; 0.436      ; 1.072      ;
; 0.419 ; fifo:u_fifo_tx|r_ptr[0]                             ; fifo:u_fifo_tx|altsyncram:memory_rtl_0|altsyncram_5pd1:auto_generated|ram_block1a0~portb_address_reg0 ; clk_i        ; clk_i       ; 0.000        ; 0.442      ; 1.083      ;
; 0.421 ; fifo:u_fifo_tx|r_ptr[2]                             ; fifo:u_fifo_tx|altsyncram:memory_rtl_0|altsyncram_5pd1:auto_generated|ram_block1a0~portb_address_reg0 ; clk_i        ; clk_i       ; 0.000        ; 0.442      ; 1.085      ;
; 0.426 ; fifo:u_fifo_tx|r_ptr[2]                             ; fifo:u_fifo_tx|r_ptr[3]                                                                               ; clk_i        ; clk_i       ; 0.000        ; 0.081      ; 0.693      ;
; 0.427 ; fifo:u_fifo_tx|r_ptr[1]                             ; fifo:u_fifo_tx|altsyncram:memory_rtl_0|altsyncram_5pd1:auto_generated|ram_block1a0~portb_address_reg0 ; clk_i        ; clk_i       ; 0.000        ; 0.442      ; 1.091      ;
; 0.430 ; tx_controller:u_tx_controller|state.STATE_IDLE      ; tx_controller:u_tx_controller|state.STATE_READ_FIFO                                                   ; clk_i        ; clk_i       ; 0.000        ; 0.080      ; 0.696      ;
; 0.433 ; uart_rx:u_uart_rx|b_reg[0]                          ; uart_rx:u_uart_rx|data_o[0]                                                                           ; clk_i        ; clk_i       ; 0.000        ; 0.080      ; 0.699      ;
; 0.436 ; uart_rx:u_uart_rx|b_reg[1]                          ; uart_rx:u_uart_rx|data_o[1]                                                                           ; clk_i        ; clk_i       ; 0.000        ; 0.080      ; 0.702      ;
; 0.436 ; uart_rx:u_uart_rx|b_reg[2]                          ; uart_rx:u_uart_rx|b_reg[1]                                                                            ; clk_i        ; clk_i       ; 0.000        ; 0.080      ; 0.702      ;
; 0.437 ; uart_rx:u_uart_rx|b_reg[2]                          ; uart_rx:u_uart_rx|data_o[2]                                                                           ; clk_i        ; clk_i       ; 0.000        ; 0.080      ; 0.703      ;
; 0.437 ; uart_rx:u_uart_rx|b_reg[4]                          ; uart_rx:u_uart_rx|b_reg[3]                                                                            ; clk_i        ; clk_i       ; 0.000        ; 0.080      ; 0.703      ;
; 0.437 ; uart_rx:u_uart_rx|b_reg[4]                          ; uart_rx:u_uart_rx|data_o[4]                                                                           ; clk_i        ; clk_i       ; 0.000        ; 0.080      ; 0.703      ;
; 0.438 ; uart_rx:u_uart_rx|b_reg[1]                          ; uart_rx:u_uart_rx|b_reg[0]                                                                            ; clk_i        ; clk_i       ; 0.000        ; 0.080      ; 0.704      ;
; 0.440 ; fifo:u_fifo_rx|w_ptr[0]                             ; fifo:u_fifo_rx|memory_rtl_0_bypass[1]                                                                 ; clk_i        ; clk_i       ; 0.000        ; 0.506      ; 1.132      ;
; 0.444 ; uart_rx:u_uart_rx|tick_cnt[0]                       ; uart_rx:u_uart_rx|tick_cnt[1]                                                                         ; clk_i        ; clk_i       ; 0.000        ; 0.080      ; 0.710      ;
; 0.451 ; fifo:u_fifo_tx|r_ptr[0]                             ; fifo:u_fifo_tx|memory_rtl_0_bypass[2]                                                                 ; clk_i        ; clk_i       ; 0.000        ; 0.081      ; 0.718      ;
; 0.460 ; fifo:u_fifo_tx|w_ptr[0]                             ; fifo:u_fifo_rx|memory_rtl_0_bypass[2]                                                                 ; clk_i        ; clk_i       ; 0.000        ; 0.099      ; 0.745      ;
; 0.468 ; fifo:u_fifo_tx|memory~2                             ; uart_tx:u_uart_tx|b_reg[1]                                                                            ; clk_i        ; clk_i       ; 0.000        ; 0.516      ; 1.170      ;
; 0.474 ; tx_controller:u_tx_controller|uart_start_o          ; tx_controller:u_tx_controller|uart_ready                                                              ; clk_i        ; clk_i       ; 0.000        ; 0.080      ; 0.740      ;
; 0.480 ; fifo:u_fifo_rx|fifo_cnt[4]                          ; fifo:u_fifo_rx|fifo_cnt[4]                                                                            ; clk_i        ; clk_i       ; 0.000        ; 0.081      ; 0.747      ;
; 0.500 ; fifo:u_fifo_tx|memory~4                             ; uart_tx:u_uart_tx|b_reg[3]                                                                            ; clk_i        ; clk_i       ; 0.000        ; 0.133      ; 0.819      ;
; 0.500 ; fifo:u_fifo_tx|memory~6                             ; uart_tx:u_uart_tx|b_reg[5]                                                                            ; clk_i        ; clk_i       ; 0.000        ; 0.133      ; 0.819      ;
; 0.513 ; fifo:u_fifo_rx|w_ptr[3]                             ; fifo:u_fifo_rx|memory_rtl_0_bypass[7]                                                                 ; clk_i        ; clk_i       ; 0.000        ; 0.511      ; 1.210      ;
; 0.538 ; uart_tx:u_uart_tx|b_reg[5]                          ; uart_tx:u_uart_tx|b_reg[4]                                                                            ; clk_i        ; clk_i       ; 0.000        ; 0.098      ; 0.822      ;
; 0.554 ; fifo:u_fifo_rx|memory_rtl_0_bypass[15]              ; fifo:u_fifo_tx|memory_rtl_0_bypass[15]                                                                ; clk_i        ; clk_i       ; 0.000        ; 0.081      ; 0.821      ;
; 0.566 ; uart_tx:u_uart_tx|state.STOP                        ; uart_tx:u_uart_tx|tx_o                                                                                ; clk_i        ; clk_i       ; 0.000        ; 0.080      ; 0.832      ;
; 0.602 ; tx_controller:u_tx_controller|state.STATE_READ_FIFO ; tx_controller:u_tx_controller|fifo_rd_o                                                               ; clk_i        ; clk_i       ; 0.000        ; 0.080      ; 0.868      ;
; 0.608 ; uart_rx:u_uart_rx|b_reg[5]                          ; uart_rx:u_uart_rx|b_reg[4]                                                                            ; clk_i        ; clk_i       ; 0.000        ; 0.080      ; 0.874      ;
; 0.608 ; uart_rx:u_uart_rx|b_reg[5]                          ; uart_rx:u_uart_rx|data_o[5]                                                                           ; clk_i        ; clk_i       ; 0.000        ; 0.080      ; 0.874      ;
; 0.608 ; uart_rx:u_uart_rx|b_reg[6]                          ; uart_rx:u_uart_rx|b_reg[5]                                                                            ; clk_i        ; clk_i       ; 0.000        ; 0.080      ; 0.874      ;
; 0.608 ; uart_rx:u_uart_rx|b_reg[6]                          ; uart_rx:u_uart_rx|data_o[6]                                                                           ; clk_i        ; clk_i       ; 0.000        ; 0.080      ; 0.874      ;
; 0.611 ; uart_rx:u_uart_rx|b_reg[3]                          ; uart_rx:u_uart_rx|b_reg[2]                                                                            ; clk_i        ; clk_i       ; 0.000        ; 0.080      ; 0.877      ;
; 0.611 ; uart_rx:u_uart_rx|b_reg[3]                          ; uart_rx:u_uart_rx|data_o[3]                                                                           ; clk_i        ; clk_i       ; 0.000        ; 0.080      ; 0.877      ;
; 0.639 ; uart_tx:u_uart_tx|b_reg[1]                          ; uart_tx:u_uart_tx|b_reg[0]                                                                            ; clk_i        ; clk_i       ; 0.000        ; 0.098      ; 0.923      ;
; 0.639 ; fifo:u_fifo_rx|memory_rtl_0_bypass[11]              ; fifo:u_fifo_tx|memory_rtl_0_bypass[11]                                                                ; clk_i        ; clk_i       ; 0.000        ; 0.080      ; 0.905      ;
; 0.641 ; fifo:u_fifo_rx|memory_rtl_0_bypass[9]               ; fifo:u_fifo_tx|memory_rtl_0_bypass[9]                                                                 ; clk_i        ; clk_i       ; 0.000        ; 0.080      ; 0.907      ;
; 0.641 ; fifo:u_fifo_rx|memory_rtl_0_bypass[12]              ; fifo:u_fifo_tx|memory_rtl_0_bypass[12]                                                                ; clk_i        ; clk_i       ; 0.000        ; 0.080      ; 0.907      ;
; 0.642 ; baud_gen:u_baud_gen|count[3]                        ; baud_gen:u_baud_gen|count[3]                                                                          ; clk_i        ; clk_i       ; 0.000        ; 0.080      ; 0.908      ;
; 0.644 ; baud_gen:u_baud_gen|count[7]                        ; baud_gen:u_baud_gen|count[7]                                                                          ; clk_i        ; clk_i       ; 0.000        ; 0.080      ; 0.910      ;
; 0.644 ; baud_gen:u_baud_gen|count[1]                        ; baud_gen:u_baud_gen|count[1]                                                                          ; clk_i        ; clk_i       ; 0.000        ; 0.080      ; 0.910      ;
; 0.645 ; baud_gen:u_baud_gen|count[5]                        ; baud_gen:u_baud_gen|count[5]                                                                          ; clk_i        ; clk_i       ; 0.000        ; 0.080      ; 0.911      ;
; 0.648 ; baud_gen:u_baud_gen|count[4]                        ; baud_gen:u_baud_gen|count[4]                                                                          ; clk_i        ; clk_i       ; 0.000        ; 0.080      ; 0.914      ;
; 0.649 ; fifo:u_fifo_tx|fifo_cnt[2]                          ; fifo:u_fifo_tx|fifo_cnt[2]                                                                            ; clk_i        ; clk_i       ; 0.000        ; 0.081      ; 0.916      ;
; 0.650 ; fifo:u_fifo_tx|r_ptr[1]                             ; fifo:u_fifo_tx|r_ptr[3]                                                                               ; clk_i        ; clk_i       ; 0.000        ; 0.081      ; 0.917      ;
; 0.652 ; fifo:u_fifo_rx|w_ptr[2]                             ; fifo:u_fifo_rx|memory_rtl_0_bypass[5]                                                                 ; clk_i        ; clk_i       ; 0.000        ; 0.511      ; 1.349      ;
; 0.654 ; fifo:u_fifo_tx|fifo_cnt[3]                          ; fifo:u_fifo_tx|fifo_cnt[3]                                                                            ; clk_i        ; clk_i       ; 0.000        ; 0.081      ; 0.921      ;
; 0.655 ; fifo:u_fifo_tx|fifo_cnt[1]                          ; fifo:u_fifo_tx|fifo_cnt[1]                                                                            ; clk_i        ; clk_i       ; 0.000        ; 0.081      ; 0.922      ;
; 0.660 ; uart_tx:u_uart_tx|tick_cnt[0]                       ; uart_tx:u_uart_tx|tick_cnt[1]                                                                         ; clk_i        ; clk_i       ; 0.000        ; 0.080      ; 0.926      ;
; 0.665 ; fifo:u_fifo_rx|w_ptr[2]                             ; fifo:u_fifo_rx|w_ptr[3]                                                                               ; clk_i        ; clk_i       ; 0.000        ; 0.081      ; 0.932      ;
; 0.667 ; fifo:u_fifo_rx|fifo_cnt[3]                          ; fifo:u_fifo_rx|fifo_cnt[3]                                                                            ; clk_i        ; clk_i       ; 0.000        ; 0.081      ; 0.934      ;
; 0.669 ; fifo:u_fifo_rx|w_ptr[0]                             ; fifo:u_fifo_rx|altsyncram:memory_rtl_0|altsyncram_5pd1:auto_generated|ram_block1a0~porta_address_reg0 ; clk_i        ; clk_i       ; 0.000        ; 0.431      ; 1.322      ;
; 0.670 ; fifo:u_fifo_rx|fifo_cnt[2]                          ; fifo:u_fifo_rx|fifo_cnt[2]                                                                            ; clk_i        ; clk_i       ; 0.000        ; 0.081      ; 0.937      ;
; 0.670 ; fifo:u_fifo_tx|r_ptr[0]                             ; fifo:u_fifo_tx|r_ptr[3]                                                                               ; clk_i        ; clk_i       ; 0.000        ; 0.081      ; 0.937      ;
; 0.678 ; fifo:u_fifo_rx|w_ptr[1]                             ; fifo:u_fifo_rx|memory_rtl_0_bypass[3]                                                                 ; clk_i        ; clk_i       ; 0.000        ; 0.511      ; 1.375      ;
; 0.678 ; baud_gen:u_baud_gen|count[0]                        ; baud_gen:u_baud_gen|count[2]                                                                          ; clk_i        ; clk_i       ; 0.000        ; 0.080      ; 0.944      ;
; 0.679 ; baud_gen:u_baud_gen|count[0]                        ; baud_gen:u_baud_gen|count[6]                                                                          ; clk_i        ; clk_i       ; 0.000        ; 0.080      ; 0.945      ;
; 0.680 ; baud_gen:u_baud_gen|count[0]                        ; baud_gen:u_baud_gen|count[8]                                                                          ; clk_i        ; clk_i       ; 0.000        ; 0.080      ; 0.946      ;
; 0.683 ; fifo:u_fifo_tx|fifo_cnt[0]                          ; fifo:u_fifo_tx|fifo_cnt[0]                                                                            ; clk_i        ; clk_i       ; 0.000        ; 0.081      ; 0.950      ;
; 0.694 ; baud_gen:u_baud_gen|count[0]                        ; baud_gen:u_baud_gen|s_tick_o                                                                          ; clk_i        ; clk_i       ; 0.000        ; 0.080      ; 0.960      ;
+-------+-----------------------------------------------------+-------------------------------------------------------------------------------------------------------+--------------+-------------+--------------+------------+------------+


+----------------------------------------------------------------------------------------------------------------------------------------------------------------------------------+
; Slow 1200mV 85C Model Minimum Pulse Width: 'clk_i'                                                                                                                               ;
+--------+--------------+----------------+------------+-------+------------+-------------------------------------------------------------------------------------------------------+
; Slack  ; Actual Width ; Required Width ; Type       ; Clock ; Clock Edge ; Target                                                                                                ;
+--------+--------------+----------------+------------+-------+------------+-------------------------------------------------------------------------------------------------------+
; -3.000 ; 1.000        ; 4.000          ; Port Rate  ; clk_i ; Rise       ; clk_i                                                                                                 ;
; -2.693 ; 1.000        ; 3.693          ; Min Period ; clk_i ; Rise       ; fifo:u_fifo_rx|altsyncram:memory_rtl_0|altsyncram_5pd1:auto_generated|ram_block1a0~porta_address_reg0 ;
; -2.693 ; 1.000        ; 3.693          ; Min Period ; clk_i ; Rise       ; fifo:u_fifo_rx|altsyncram:memory_rtl_0|altsyncram_5pd1:auto_generated|ram_block1a0~porta_datain_reg0  ;
; -2.693 ; 1.000        ; 3.693          ; Min Period ; clk_i ; Rise       ; fifo:u_fifo_rx|altsyncram:memory_rtl_0|altsyncram_5pd1:auto_generated|ram_block1a0~porta_we_reg       ;
; -2.693 ; 1.000        ; 3.693          ; Min Period ; clk_i ; Rise       ; fifo:u_fifo_rx|altsyncram:memory_rtl_0|altsyncram_5pd1:auto_generated|ram_block1a0~portb_address_reg0 ;
; -2.693 ; 1.000        ; 3.693          ; Min Period ; clk_i ; Rise       ; fifo:u_fifo_tx|altsyncram:memory_rtl_0|altsyncram_5pd1:auto_generated|ram_block1a0~porta_address_reg0 ;
; -2.693 ; 1.000        ; 3.693          ; Min Period ; clk_i ; Rise       ; fifo:u_fifo_tx|altsyncram:memory_rtl_0|altsyncram_5pd1:auto_generated|ram_block1a0~porta_datain_reg0  ;
; -2.693 ; 1.000        ; 3.693          ; Min Period ; clk_i ; Rise       ; fifo:u_fifo_tx|altsyncram:memory_rtl_0|altsyncram_5pd1:auto_generated|ram_block1a0~porta_we_reg       ;
; -2.693 ; 1.000        ; 3.693          ; Min Period ; clk_i ; Rise       ; fifo:u_fifo_tx|altsyncram:memory_rtl_0|altsyncram_5pd1:auto_generated|ram_block1a0~portb_address_reg0 ;
; -1.285 ; 1.000        ; 2.285          ; Min Period ; clk_i ; Rise       ; baud_gen:u_baud_gen|count[0]                                                                          ;
; -1.285 ; 1.000        ; 2.285          ; Min Period ; clk_i ; Rise       ; baud_gen:u_baud_gen|count[1]                                                                          ;
; -1.285 ; 1.000        ; 2.285          ; Min Period ; clk_i ; Rise       ; baud_gen:u_baud_gen|count[2]                                                                          ;
; -1.285 ; 1.000        ; 2.285          ; Min Period ; clk_i ; Rise       ; baud_gen:u_baud_gen|count[3]                                                                          ;
; -1.285 ; 1.000        ; 2.285          ; Min Period ; clk_i ; Rise       ; baud_gen:u_baud_gen|count[4]                                                                          ;
; -1.285 ; 1.000        ; 2.285          ; Min Period ; clk_i ; Rise       ; baud_gen:u_baud_gen|count[5]                                                                          ;
; -1.285 ; 1.000        ; 2.285          ; Min Period ; clk_i ; Rise       ; baud_gen:u_baud_gen|count[6]                                                                          ;
; -1.285 ; 1.000        ; 2.285          ; Min Period ; clk_i ; Rise       ; baud_gen:u_baud_gen|count[7]                                                                          ;
; -1.285 ; 1.000        ; 2.285          ; Min Period ; clk_i ; Rise       ; baud_gen:u_baud_gen|count[8]                                                                          ;
; -1.285 ; 1.000        ; 2.285          ; Min Period ; clk_i ; Rise       ; baud_gen:u_baud_gen|s_tick_o                                                                          ;
; -1.285 ; 1.000        ; 2.285          ; Min Period ; clk_i ; Rise       ; fifo:u_fifo_rx|fifo_cnt[0]                                                                            ;
; -1.285 ; 1.000        ; 2.285          ; Min Period ; clk_i ; Rise       ; fifo:u_fifo_rx|fifo_cnt[1]                                                                            ;
; -1.285 ; 1.000        ; 2.285          ; Min Period ; clk_i ; Rise       ; fifo:u_fifo_rx|fifo_cnt[2]                                                                            ;
; -1.285 ; 1.000        ; 2.285          ; Min Period ; clk_i ; Rise       ; fifo:u_fifo_rx|fifo_cnt[3]                                                                            ;
; -1.285 ; 1.000        ; 2.285          ; Min Period ; clk_i ; Rise       ; fifo:u_fifo_rx|fifo_cnt[4]                                                                            ;
; -1.285 ; 1.000        ; 2.285          ; Min Period ; clk_i ; Rise       ; fifo:u_fifo_rx|memory_rtl_0_bypass[0]                                                                 ;
; -1.285 ; 1.000        ; 2.285          ; Min Period ; clk_i ; Rise       ; fifo:u_fifo_rx|memory_rtl_0_bypass[10]                                                                ;
; -1.285 ; 1.000        ; 2.285          ; Min Period ; clk_i ; Rise       ; fifo:u_fifo_rx|memory_rtl_0_bypass[11]                                                                ;
; -1.285 ; 1.000        ; 2.285          ; Min Period ; clk_i ; Rise       ; fifo:u_fifo_rx|memory_rtl_0_bypass[12]                                                                ;
; -1.285 ; 1.000        ; 2.285          ; Min Period ; clk_i ; Rise       ; fifo:u_fifo_rx|memory_rtl_0_bypass[13]                                                                ;
; -1.285 ; 1.000        ; 2.285          ; Min Period ; clk_i ; Rise       ; fifo:u_fifo_rx|memory_rtl_0_bypass[14]                                                                ;
; -1.285 ; 1.000        ; 2.285          ; Min Period ; clk_i ; Rise       ; fifo:u_fifo_rx|memory_rtl_0_bypass[15]                                                                ;
; -1.285 ; 1.000        ; 2.285          ; Min Period ; clk_i ; Rise       ; fifo:u_fifo_rx|memory_rtl_0_bypass[16]                                                                ;
; -1.285 ; 1.000        ; 2.285          ; Min Period ; clk_i ; Rise       ; fifo:u_fifo_rx|memory_rtl_0_bypass[1]                                                                 ;
; -1.285 ; 1.000        ; 2.285          ; Min Period ; clk_i ; Rise       ; fifo:u_fifo_rx|memory_rtl_0_bypass[2]                                                                 ;
; -1.285 ; 1.000        ; 2.285          ; Min Period ; clk_i ; Rise       ; fifo:u_fifo_rx|memory_rtl_0_bypass[3]                                                                 ;
; -1.285 ; 1.000        ; 2.285          ; Min Period ; clk_i ; Rise       ; fifo:u_fifo_rx|memory_rtl_0_bypass[4]                                                                 ;
; -1.285 ; 1.000        ; 2.285          ; Min Period ; clk_i ; Rise       ; fifo:u_fifo_rx|memory_rtl_0_bypass[5]                                                                 ;
; -1.285 ; 1.000        ; 2.285          ; Min Period ; clk_i ; Rise       ; fifo:u_fifo_rx|memory_rtl_0_bypass[6]                                                                 ;
; -1.285 ; 1.000        ; 2.285          ; Min Period ; clk_i ; Rise       ; fifo:u_fifo_rx|memory_rtl_0_bypass[7]                                                                 ;
; -1.285 ; 1.000        ; 2.285          ; Min Period ; clk_i ; Rise       ; fifo:u_fifo_rx|memory_rtl_0_bypass[8]                                                                 ;
; -1.285 ; 1.000        ; 2.285          ; Min Period ; clk_i ; Rise       ; fifo:u_fifo_rx|memory_rtl_0_bypass[9]                                                                 ;
; -1.285 ; 1.000        ; 2.285          ; Min Period ; clk_i ; Rise       ; fifo:u_fifo_rx|memory~0                                                                               ;
; -1.285 ; 1.000        ; 2.285          ; Min Period ; clk_i ; Rise       ; fifo:u_fifo_rx|memory~1                                                                               ;
; -1.285 ; 1.000        ; 2.285          ; Min Period ; clk_i ; Rise       ; fifo:u_fifo_rx|memory~2                                                                               ;
; -1.285 ; 1.000        ; 2.285          ; Min Period ; clk_i ; Rise       ; fifo:u_fifo_rx|memory~3                                                                               ;
; -1.285 ; 1.000        ; 2.285          ; Min Period ; clk_i ; Rise       ; fifo:u_fifo_rx|memory~4                                                                               ;
; -1.285 ; 1.000        ; 2.285          ; Min Period ; clk_i ; Rise       ; fifo:u_fifo_rx|memory~5                                                                               ;
; -1.285 ; 1.000        ; 2.285          ; Min Period ; clk_i ; Rise       ; fifo:u_fifo_rx|memory~6                                                                               ;
; -1.285 ; 1.000        ; 2.285          ; Min Period ; clk_i ; Rise       ; fifo:u_fifo_rx|memory~7                                                                               ;
; -1.285 ; 1.000        ; 2.285          ; Min Period ; clk_i ; Rise       ; fifo:u_fifo_rx|memory~8                                                                               ;
; -1.285 ; 1.000        ; 2.285          ; Min Period ; clk_i ; Rise       ; fifo:u_fifo_rx|r_ptr[1]                                                                               ;
; -1.285 ; 1.000        ; 2.285          ; Min Period ; clk_i ; Rise       ; fifo:u_fifo_rx|r_ptr[2]                                                                               ;
; -1.285 ; 1.000        ; 2.285          ; Min Period ; clk_i ; Rise       ; fifo:u_fifo_rx|r_ptr[3]                                                                               ;
; -1.285 ; 1.000        ; 2.285          ; Min Period ; clk_i ; Rise       ; fifo:u_fifo_rx|w_ptr[0]                                                                               ;
; -1.285 ; 1.000        ; 2.285          ; Min Period ; clk_i ; Rise       ; fifo:u_fifo_rx|w_ptr[1]                                                                               ;
; -1.285 ; 1.000        ; 2.285          ; Min Period ; clk_i ; Rise       ; fifo:u_fifo_rx|w_ptr[2]                                                                               ;
; -1.285 ; 1.000        ; 2.285          ; Min Period ; clk_i ; Rise       ; fifo:u_fifo_rx|w_ptr[3]                                                                               ;
; -1.285 ; 1.000        ; 2.285          ; Min Period ; clk_i ; Rise       ; fifo:u_fifo_tx|fifo_cnt[0]                                                                            ;
; -1.285 ; 1.000        ; 2.285          ; Min Period ; clk_i ; Rise       ; fifo:u_fifo_tx|fifo_cnt[1]                                                                            ;
; -1.285 ; 1.000        ; 2.285          ; Min Period ; clk_i ; Rise       ; fifo:u_fifo_tx|fifo_cnt[2]                                                                            ;
; -1.285 ; 1.000        ; 2.285          ; Min Period ; clk_i ; Rise       ; fifo:u_fifo_tx|fifo_cnt[3]                                                                            ;
; -1.285 ; 1.000        ; 2.285          ; Min Period ; clk_i ; Rise       ; fifo:u_fifo_tx|fifo_cnt[4]                                                                            ;
; -1.285 ; 1.000        ; 2.285          ; Min Period ; clk_i ; Rise       ; fifo:u_fifo_tx|memory_rtl_0_bypass[0]                                                                 ;
; -1.285 ; 1.000        ; 2.285          ; Min Period ; clk_i ; Rise       ; fifo:u_fifo_tx|memory_rtl_0_bypass[10]                                                                ;
; -1.285 ; 1.000        ; 2.285          ; Min Period ; clk_i ; Rise       ; fifo:u_fifo_tx|memory_rtl_0_bypass[11]                                                                ;
; -1.285 ; 1.000        ; 2.285          ; Min Period ; clk_i ; Rise       ; fifo:u_fifo_tx|memory_rtl_0_bypass[12]                                                                ;
; -1.285 ; 1.000        ; 2.285          ; Min Period ; clk_i ; Rise       ; fifo:u_fifo_tx|memory_rtl_0_bypass[13]                                                                ;
; -1.285 ; 1.000        ; 2.285          ; Min Period ; clk_i ; Rise       ; fifo:u_fifo_tx|memory_rtl_0_bypass[14]                                                                ;
; -1.285 ; 1.000        ; 2.285          ; Min Period ; clk_i ; Rise       ; fifo:u_fifo_tx|memory_rtl_0_bypass[15]                                                                ;
; -1.285 ; 1.000        ; 2.285          ; Min Period ; clk_i ; Rise       ; fifo:u_fifo_tx|memory_rtl_0_bypass[16]                                                                ;
; -1.285 ; 1.000        ; 2.285          ; Min Period ; clk_i ; Rise       ; fifo:u_fifo_tx|memory_rtl_0_bypass[1]                                                                 ;
; -1.285 ; 1.000        ; 2.285          ; Min Period ; clk_i ; Rise       ; fifo:u_fifo_tx|memory_rtl_0_bypass[2]                                                                 ;
; -1.285 ; 1.000        ; 2.285          ; Min Period ; clk_i ; Rise       ; fifo:u_fifo_tx|memory_rtl_0_bypass[3]                                                                 ;
; -1.285 ; 1.000        ; 2.285          ; Min Period ; clk_i ; Rise       ; fifo:u_fifo_tx|memory_rtl_0_bypass[4]                                                                 ;
; -1.285 ; 1.000        ; 2.285          ; Min Period ; clk_i ; Rise       ; fifo:u_fifo_tx|memory_rtl_0_bypass[5]                                                                 ;
; -1.285 ; 1.000        ; 2.285          ; Min Period ; clk_i ; Rise       ; fifo:u_fifo_tx|memory_rtl_0_bypass[6]                                                                 ;
; -1.285 ; 1.000        ; 2.285          ; Min Period ; clk_i ; Rise       ; fifo:u_fifo_tx|memory_rtl_0_bypass[7]                                                                 ;
; -1.285 ; 1.000        ; 2.285          ; Min Period ; clk_i ; Rise       ; fifo:u_fifo_tx|memory_rtl_0_bypass[8]                                                                 ;
; -1.285 ; 1.000        ; 2.285          ; Min Period ; clk_i ; Rise       ; fifo:u_fifo_tx|memory_rtl_0_bypass[9]                                                                 ;
; -1.285 ; 1.000        ; 2.285          ; Min Period ; clk_i ; Rise       ; fifo:u_fifo_tx|memory~0                                                                               ;
; -1.285 ; 1.000        ; 2.285          ; Min Period ; clk_i ; Rise       ; fifo:u_fifo_tx|memory~1                                                                               ;
; -1.285 ; 1.000        ; 2.285          ; Min Period ; clk_i ; Rise       ; fifo:u_fifo_tx|memory~2                                                                               ;
; -1.285 ; 1.000        ; 2.285          ; Min Period ; clk_i ; Rise       ; fifo:u_fifo_tx|memory~3                                                                               ;
; -1.285 ; 1.000        ; 2.285          ; Min Period ; clk_i ; Rise       ; fifo:u_fifo_tx|memory~4                                                                               ;
; -1.285 ; 1.000        ; 2.285          ; Min Period ; clk_i ; Rise       ; fifo:u_fifo_tx|memory~5                                                                               ;
; -1.285 ; 1.000        ; 2.285          ; Min Period ; clk_i ; Rise       ; fifo:u_fifo_tx|memory~6                                                                               ;
; -1.285 ; 1.000        ; 2.285          ; Min Period ; clk_i ; Rise       ; fifo:u_fifo_tx|memory~7                                                                               ;
; -1.285 ; 1.000        ; 2.285          ; Min Period ; clk_i ; Rise       ; fifo:u_fifo_tx|memory~8                                                                               ;
; -1.285 ; 1.000        ; 2.285          ; Min Period ; clk_i ; Rise       ; fifo:u_fifo_tx|r_ptr[0]                                                                               ;
; -1.285 ; 1.000        ; 2.285          ; Min Period ; clk_i ; Rise       ; fifo:u_fifo_tx|r_ptr[1]                                                                               ;
; -1.285 ; 1.000        ; 2.285          ; Min Period ; clk_i ; Rise       ; fifo:u_fifo_tx|r_ptr[2]                                                                               ;
; -1.285 ; 1.000        ; 2.285          ; Min Period ; clk_i ; Rise       ; fifo:u_fifo_tx|r_ptr[3]                                                                               ;
; -1.285 ; 1.000        ; 2.285          ; Min Period ; clk_i ; Rise       ; fifo:u_fifo_tx|w_ptr[0]                                                                               ;
; -1.285 ; 1.000        ; 2.285          ; Min Period ; clk_i ; Rise       ; tx_controller:u_tx_controller|fifo_rd_o                                                               ;
; -1.285 ; 1.000        ; 2.285          ; Min Period ; clk_i ; Rise       ; tx_controller:u_tx_controller|state.STATE_IDLE                                                        ;
; -1.285 ; 1.000        ; 2.285          ; Min Period ; clk_i ; Rise       ; tx_controller:u_tx_controller|state.STATE_READ_FIFO                                                   ;
; -1.285 ; 1.000        ; 2.285          ; Min Period ; clk_i ; Rise       ; tx_controller:u_tx_controller|uart_ready                                                              ;
; -1.285 ; 1.000        ; 2.285          ; Min Period ; clk_i ; Rise       ; tx_controller:u_tx_controller|uart_start_o                                                            ;
; -1.285 ; 1.000        ; 2.285          ; Min Period ; clk_i ; Rise       ; uart_rx:u_uart_rx|b_reg[0]                                                                            ;
; -1.285 ; 1.000        ; 2.285          ; Min Period ; clk_i ; Rise       ; uart_rx:u_uart_rx|b_reg[1]                                                                            ;
+--------+--------------+----------------+------------+-------+------------+-------------------------------------------------------------------------------------------------------+


+-----------------------------------------------------------------------+
; Setup Times                                                           ;
+-----------+------------+-------+-------+------------+-----------------+
; Data Port ; Clock Port ; Rise  ; Fall  ; Clock Edge ; Clock Reference ;
+-----------+------------+-------+-------+------------+-----------------+
; rst_i     ; clk_i      ; 3.098 ; 3.168 ; Rise       ; clk_i           ;
; rx_i      ; clk_i      ; 3.846 ; 4.319 ; Rise       ; clk_i           ;
+-----------+------------+-------+-------+------------+-----------------+


+-------------------------------------------------------------------------+
; Hold Times                                                              ;
+-----------+------------+--------+--------+------------+-----------------+
; Data Port ; Clock Port ; Rise   ; Fall   ; Clock Edge ; Clock Reference ;
+-----------+------------+--------+--------+------------+-----------------+
; rst_i     ; clk_i      ; -0.945 ; -0.927 ; Rise       ; clk_i           ;
; rx_i      ; clk_i      ; -1.403 ; -1.824 ; Rise       ; clk_i           ;
+-----------+------------+--------+--------+------------+-----------------+


+-----------------------------------------------------------------------+
; Clock to Output Times                                                 ;
+-----------+------------+-------+-------+------------+-----------------+
; Data Port ; Clock Port ; Rise  ; Fall  ; Clock Edge ; Clock Reference ;
+-----------+------------+-------+-------+------------+-----------------+
; tx_o      ; clk_i      ; 7.697 ; 7.637 ; Rise       ; clk_i           ;
+-----------+------------+-------+-------+------------+-----------------+


+-----------------------------------------------------------------------+
; Minimum Clock to Output Times                                         ;
+-----------+------------+-------+-------+------------+-----------------+
; Data Port ; Clock Port ; Rise  ; Fall  ; Clock Edge ; Clock Reference ;
+-----------+------------+-------+-------+------------+-----------------+
; tx_o      ; clk_i      ; 7.435 ; 7.377 ; Rise       ; clk_i           ;
+-----------+------------+-------+-------+------------+-----------------+


----------------------------------------------
; Slow 1200mV 85C Model Metastability Report ;
----------------------------------------------
No synchronizer chains to report.


+--------------------------------------------------+
; Slow 1200mV 0C Model Fmax Summary                ;
+------------+-----------------+------------+------+
; Fmax       ; Restricted Fmax ; Clock Name ; Note ;
+------------+-----------------+------------+------+
; 193.84 MHz ; 193.84 MHz      ; clk_i      ;      ;
+------------+-----------------+------------+------+
This panel reports FMAX for every clock in the design, regardless of the user-specified clock periods.  FMAX is only computed for paths where the source and destination registers or ports are driven by the same clock.  Paths of different clocks, including generated clocks, are ignored.  For paths between a clock and its inversion, FMAX is computed as if the rising and falling edges are scaled along with FMAX, such that the duty cycle (in terms of a percentage) is maintained. Altera recommends that you always use clock constraints and other slack reports for sign-off analysis.


+------------------------------------+
; Slow 1200mV 0C Model Setup Summary ;
+-------+--------+-------------------+
; Clock ; Slack  ; End Point TNS     ;
+-------+--------+-------------------+
; clk_i ; -4.159 ; -270.503          ;
+-------+--------+-------------------+


+-----------------------------------+
; Slow 1200mV 0C Model Hold Summary ;
+-------+-------+-------------------+
; Clock ; Slack ; End Point TNS     ;
+-------+-------+-------------------+
; clk_i ; 0.339 ; 0.000             ;
+-------+-------+-------------------+


-----------------------------------------
; Slow 1200mV 0C Model Recovery Summary ;
-----------------------------------------
No paths to report.


----------------------------------------
; Slow 1200mV 0C Model Removal Summary ;
----------------------------------------
No paths to report.


+--------------------------------------------------+
; Slow 1200mV 0C Model Minimum Pulse Width Summary ;
+-------+--------+---------------------------------+
; Clock ; Slack  ; End Point TNS                   ;
+-------+--------+---------------------------------+
; clk_i ; -3.000 ; -201.522                        ;
+-------+--------+---------------------------------+


+---------------------------------------------------------------------------------------------------------------------------------------------------------------------------------------------------------------------------------------------------------------------------------------------+
; Slow 1200mV 0C Model Setup: 'clk_i'                                                                                                                                                                                                                                                         ;
+--------+-------------------------------------------------------------------------------------------------------+------------------------------------------------------------------------------------------------------+--------------+-------------+--------------+------------+------------+
; Slack  ; From Node                                                                                             ; To Node                                                                                              ; Launch Clock ; Latch Clock ; Relationship ; Clock Skew ; Data Delay ;
+--------+-------------------------------------------------------------------------------------------------------+------------------------------------------------------------------------------------------------------+--------------+-------------+--------------+------------+------------+
; -4.159 ; fifo:u_fifo_rx|altsyncram:memory_rtl_0|altsyncram_5pd1:auto_generated|ram_block1a0~portb_address_reg0 ; fifo:u_fifo_tx|memory~8                                                                              ; clk_i        ; clk_i       ; 1.000        ; -0.388     ; 4.770      ;
; -4.143 ; fifo:u_fifo_rx|altsyncram:memory_rtl_0|altsyncram_5pd1:auto_generated|ram_block1a0~portb_address_reg0 ; fifo:u_fifo_tx|memory~2                                                                              ; clk_i        ; clk_i       ; 1.000        ; -0.388     ; 4.754      ;
; -4.068 ; fifo:u_fifo_rx|altsyncram:memory_rtl_0|altsyncram_5pd1:auto_generated|ram_block1a0~portb_address_reg0 ; fifo:u_fifo_tx|altsyncram:memory_rtl_0|altsyncram_5pd1:auto_generated|ram_block1a0~porta_datain_reg0 ; clk_i        ; clk_i       ; 1.000        ; -0.065     ; 5.033      ;
; -3.982 ; fifo:u_fifo_rx|altsyncram:memory_rtl_0|altsyncram_5pd1:auto_generated|ram_block1a0~portb_address_reg0 ; fifo:u_fifo_tx|memory~5                                                                              ; clk_i        ; clk_i       ; 1.000        ; -0.388     ; 4.593      ;
; -3.979 ; fifo:u_fifo_rx|altsyncram:memory_rtl_0|altsyncram_5pd1:auto_generated|ram_block1a0~portb_address_reg0 ; fifo:u_fifo_tx|memory~7                                                                              ; clk_i        ; clk_i       ; 1.000        ; -0.388     ; 4.590      ;
; -3.969 ; fifo:u_fifo_rx|altsyncram:memory_rtl_0|altsyncram_5pd1:auto_generated|ram_block1a0~portb_address_reg0 ; fifo:u_fifo_tx|memory_rtl_0_bypass[10]                                                               ; clk_i        ; clk_i       ; 1.000        ; -0.389     ; 4.579      ;
; -3.744 ; fifo:u_fifo_rx|altsyncram:memory_rtl_0|altsyncram_5pd1:auto_generated|ram_block1a0~portb_address_reg0 ; fifo:u_fifo_tx|memory~3                                                                              ; clk_i        ; clk_i       ; 1.000        ; -0.043     ; 4.700      ;
; -3.531 ; fifo:u_fifo_rx|altsyncram:memory_rtl_0|altsyncram_5pd1:auto_generated|ram_block1a0~portb_address_reg0 ; fifo:u_fifo_tx|memory~6                                                                              ; clk_i        ; clk_i       ; 1.000        ; -0.043     ; 4.487      ;
; -3.500 ; fifo:u_fifo_rx|altsyncram:memory_rtl_0|altsyncram_5pd1:auto_generated|ram_block1a0~portb_address_reg0 ; fifo:u_fifo_tx|memory~4                                                                              ; clk_i        ; clk_i       ; 1.000        ; -0.043     ; 4.456      ;
; -3.480 ; fifo:u_fifo_rx|altsyncram:memory_rtl_0|altsyncram_5pd1:auto_generated|ram_block1a0~portb_address_reg0 ; fifo:u_fifo_tx|memory~1                                                                              ; clk_i        ; clk_i       ; 1.000        ; -0.043     ; 4.436      ;
; -3.475 ; fifo:u_fifo_rx|altsyncram:memory_rtl_0|altsyncram_5pd1:auto_generated|ram_block1a0~portb_address_reg0 ; fifo:u_fifo_tx|memory_rtl_0_bypass[15]                                                               ; clk_i        ; clk_i       ; 1.000        ; -0.389     ; 4.085      ;
; -3.475 ; fifo:u_fifo_rx|altsyncram:memory_rtl_0|altsyncram_5pd1:auto_generated|ram_block1a0~portb_address_reg0 ; fifo:u_fifo_tx|memory_rtl_0_bypass[16]                                                               ; clk_i        ; clk_i       ; 1.000        ; -0.389     ; 4.085      ;
; -3.449 ; fifo:u_fifo_rx|altsyncram:memory_rtl_0|altsyncram_5pd1:auto_generated|ram_block1a0~portb_address_reg0 ; fifo:u_fifo_tx|memory_rtl_0_bypass[13]                                                               ; clk_i        ; clk_i       ; 1.000        ; -0.389     ; 4.059      ;
; -3.446 ; fifo:u_fifo_rx|altsyncram:memory_rtl_0|altsyncram_5pd1:auto_generated|ram_block1a0~portb_address_reg0 ; fifo:u_fifo_tx|memory_rtl_0_bypass[11]                                                               ; clk_i        ; clk_i       ; 1.000        ; -0.394     ; 4.051      ;
; -3.435 ; fifo:u_fifo_tx|altsyncram:memory_rtl_0|altsyncram_5pd1:auto_generated|ram_block1a0~portb_address_reg0 ; uart_tx:u_uart_tx|b_reg[7]                                                                           ; clk_i        ; clk_i       ; 1.000        ; -0.016     ; 4.418      ;
; -3.229 ; fifo:u_fifo_tx|altsyncram:memory_rtl_0|altsyncram_5pd1:auto_generated|ram_block1a0~portb_address_reg0 ; uart_tx:u_uart_tx|b_reg[3]                                                                           ; clk_i        ; clk_i       ; 1.000        ; -0.011     ; 4.217      ;
; -3.206 ; fifo:u_fifo_rx|altsyncram:memory_rtl_0|altsyncram_5pd1:auto_generated|ram_block1a0~portb_address_reg0 ; fifo:u_fifo_tx|memory_rtl_0_bypass[12]                                                               ; clk_i        ; clk_i       ; 1.000        ; -0.394     ; 3.811      ;
; -3.204 ; fifo:u_fifo_rx|altsyncram:memory_rtl_0|altsyncram_5pd1:auto_generated|ram_block1a0~portb_address_reg0 ; fifo:u_fifo_tx|memory_rtl_0_bypass[14]                                                               ; clk_i        ; clk_i       ; 1.000        ; -0.394     ; 3.809      ;
; -3.191 ; fifo:u_fifo_tx|altsyncram:memory_rtl_0|altsyncram_5pd1:auto_generated|ram_block1a0~portb_address_reg0 ; uart_tx:u_uart_tx|b_reg[4]                                                                           ; clk_i        ; clk_i       ; 1.000        ; -0.011     ; 4.179      ;
; -3.186 ; fifo:u_fifo_tx|altsyncram:memory_rtl_0|altsyncram_5pd1:auto_generated|ram_block1a0~portb_address_reg0 ; uart_tx:u_uart_tx|b_reg[5]                                                                           ; clk_i        ; clk_i       ; 1.000        ; -0.011     ; 4.174      ;
; -3.179 ; fifo:u_fifo_rx|altsyncram:memory_rtl_0|altsyncram_5pd1:auto_generated|ram_block1a0~portb_address_reg0 ; fifo:u_fifo_tx|memory_rtl_0_bypass[9]                                                                ; clk_i        ; clk_i       ; 1.000        ; -0.394     ; 3.784      ;
; -3.159 ; fifo:u_fifo_tx|altsyncram:memory_rtl_0|altsyncram_5pd1:auto_generated|ram_block1a0~portb_address_reg0 ; uart_tx:u_uart_tx|b_reg[2]                                                                           ; clk_i        ; clk_i       ; 1.000        ; -0.011     ; 4.147      ;
; -3.138 ; fifo:u_fifo_tx|altsyncram:memory_rtl_0|altsyncram_5pd1:auto_generated|ram_block1a0~portb_address_reg0 ; uart_tx:u_uart_tx|b_reg[6]                                                                           ; clk_i        ; clk_i       ; 1.000        ; -0.011     ; 4.126      ;
; -3.130 ; fifo:u_fifo_rx|r_ptr[2]                                                                               ; fifo:u_fifo_tx|memory~1                                                                              ; clk_i        ; clk_i       ; 1.000        ; -0.148     ; 3.981      ;
; -3.130 ; fifo:u_fifo_rx|r_ptr[2]                                                                               ; fifo:u_fifo_tx|memory~3                                                                              ; clk_i        ; clk_i       ; 1.000        ; -0.148     ; 3.981      ;
; -3.130 ; fifo:u_fifo_rx|r_ptr[2]                                                                               ; fifo:u_fifo_tx|memory~4                                                                              ; clk_i        ; clk_i       ; 1.000        ; -0.148     ; 3.981      ;
; -3.130 ; fifo:u_fifo_rx|r_ptr[2]                                                                               ; fifo:u_fifo_tx|memory~6                                                                              ; clk_i        ; clk_i       ; 1.000        ; -0.148     ; 3.981      ;
; -3.101 ; fifo:u_fifo_tx|altsyncram:memory_rtl_0|altsyncram_5pd1:auto_generated|ram_block1a0~portb_address_reg0 ; uart_tx:u_uart_tx|b_reg[0]                                                                           ; clk_i        ; clk_i       ; 1.000        ; -0.011     ; 4.089      ;
; -3.082 ; fifo:u_fifo_tx|altsyncram:memory_rtl_0|altsyncram_5pd1:auto_generated|ram_block1a0~portb_address_reg0 ; uart_tx:u_uart_tx|b_reg[1]                                                                           ; clk_i        ; clk_i       ; 1.000        ; -0.011     ; 4.070      ;
; -2.913 ; fifo:u_fifo_tx|fifo_cnt[0]                                                                            ; fifo:u_fifo_tx|memory~1                                                                              ; clk_i        ; clk_i       ; 1.000        ; 0.270      ; 4.182      ;
; -2.913 ; fifo:u_fifo_tx|fifo_cnt[0]                                                                            ; fifo:u_fifo_tx|memory~3                                                                              ; clk_i        ; clk_i       ; 1.000        ; 0.270      ; 4.182      ;
; -2.913 ; fifo:u_fifo_tx|fifo_cnt[0]                                                                            ; fifo:u_fifo_tx|memory~4                                                                              ; clk_i        ; clk_i       ; 1.000        ; 0.270      ; 4.182      ;
; -2.913 ; fifo:u_fifo_tx|fifo_cnt[0]                                                                            ; fifo:u_fifo_tx|memory~6                                                                              ; clk_i        ; clk_i       ; 1.000        ; 0.270      ; 4.182      ;
; -2.894 ; fifo:u_fifo_rx|r_ptr[2]                                                                               ; fifo:u_fifo_tx|memory~2                                                                              ; clk_i        ; clk_i       ; 1.000        ; -0.493     ; 3.400      ;
; -2.894 ; fifo:u_fifo_rx|r_ptr[2]                                                                               ; fifo:u_fifo_tx|memory~5                                                                              ; clk_i        ; clk_i       ; 1.000        ; -0.493     ; 3.400      ;
; -2.894 ; fifo:u_fifo_rx|r_ptr[2]                                                                               ; fifo:u_fifo_tx|memory~7                                                                              ; clk_i        ; clk_i       ; 1.000        ; -0.493     ; 3.400      ;
; -2.894 ; fifo:u_fifo_rx|r_ptr[2]                                                                               ; fifo:u_fifo_tx|memory~8                                                                              ; clk_i        ; clk_i       ; 1.000        ; -0.493     ; 3.400      ;
; -2.815 ; fifo:u_fifo_rx|r_ptr[1]                                                                               ; fifo:u_fifo_tx|memory~1                                                                              ; clk_i        ; clk_i       ; 1.000        ; -0.148     ; 3.666      ;
; -2.815 ; fifo:u_fifo_rx|r_ptr[1]                                                                               ; fifo:u_fifo_tx|memory~3                                                                              ; clk_i        ; clk_i       ; 1.000        ; -0.148     ; 3.666      ;
; -2.815 ; fifo:u_fifo_rx|r_ptr[1]                                                                               ; fifo:u_fifo_tx|memory~4                                                                              ; clk_i        ; clk_i       ; 1.000        ; -0.148     ; 3.666      ;
; -2.815 ; fifo:u_fifo_rx|r_ptr[1]                                                                               ; fifo:u_fifo_tx|memory~6                                                                              ; clk_i        ; clk_i       ; 1.000        ; -0.148     ; 3.666      ;
; -2.745 ; fifo:u_fifo_tx|fifo_cnt[0]                                                                            ; fifo:u_fifo_rx|fifo_cnt[3]                                                                           ; clk_i        ; clk_i       ; 1.000        ; -0.071     ; 3.673      ;
; -2.739 ; fifo:u_fifo_tx|fifo_cnt[3]                                                                            ; fifo:u_fifo_tx|memory~1                                                                              ; clk_i        ; clk_i       ; 1.000        ; 0.270      ; 4.008      ;
; -2.739 ; fifo:u_fifo_tx|fifo_cnt[3]                                                                            ; fifo:u_fifo_tx|memory~3                                                                              ; clk_i        ; clk_i       ; 1.000        ; 0.270      ; 4.008      ;
; -2.739 ; fifo:u_fifo_tx|fifo_cnt[3]                                                                            ; fifo:u_fifo_tx|memory~4                                                                              ; clk_i        ; clk_i       ; 1.000        ; 0.270      ; 4.008      ;
; -2.739 ; fifo:u_fifo_tx|fifo_cnt[3]                                                                            ; fifo:u_fifo_tx|memory~6                                                                              ; clk_i        ; clk_i       ; 1.000        ; 0.270      ; 4.008      ;
; -2.733 ; fifo:u_fifo_rx|memory_rtl_0_bypass[1]                                                                 ; fifo:u_fifo_tx|memory~2                                                                              ; clk_i        ; clk_i       ; 1.000        ; -0.463     ; 3.269      ;
; -2.724 ; fifo:u_fifo_rx|memory_rtl_0_bypass[3]                                                                 ; fifo:u_fifo_tx|memory~2                                                                              ; clk_i        ; clk_i       ; 1.000        ; -0.463     ; 3.260      ;
; -2.721 ; fifo:u_fifo_rx|memory_rtl_0_bypass[1]                                                                 ; fifo:u_fifo_tx|memory~8                                                                              ; clk_i        ; clk_i       ; 1.000        ; -0.463     ; 3.257      ;
; -2.717 ; fifo:u_fifo_tx|fifo_cnt[0]                                                                            ; fifo:u_fifo_tx|fifo_cnt[4]                                                                           ; clk_i        ; clk_i       ; 1.000        ; -0.072     ; 3.644      ;
; -2.716 ; fifo:u_fifo_tx|fifo_cnt[0]                                                                            ; fifo:u_fifo_rx|fifo_cnt[4]                                                                           ; clk_i        ; clk_i       ; 1.000        ; -0.071     ; 3.644      ;
; -2.712 ; fifo:u_fifo_rx|memory_rtl_0_bypass[3]                                                                 ; fifo:u_fifo_tx|memory~8                                                                              ; clk_i        ; clk_i       ; 1.000        ; -0.463     ; 3.248      ;
; -2.677 ; fifo:u_fifo_tx|fifo_cnt[0]                                                                            ; fifo:u_fifo_tx|memory~2                                                                              ; clk_i        ; clk_i       ; 1.000        ; -0.075     ; 3.601      ;
; -2.677 ; fifo:u_fifo_tx|fifo_cnt[0]                                                                            ; fifo:u_fifo_tx|memory~5                                                                              ; clk_i        ; clk_i       ; 1.000        ; -0.075     ; 3.601      ;
; -2.677 ; fifo:u_fifo_tx|fifo_cnt[0]                                                                            ; fifo:u_fifo_tx|memory~7                                                                              ; clk_i        ; clk_i       ; 1.000        ; -0.075     ; 3.601      ;
; -2.677 ; fifo:u_fifo_tx|fifo_cnt[0]                                                                            ; fifo:u_fifo_tx|memory~8                                                                              ; clk_i        ; clk_i       ; 1.000        ; -0.075     ; 3.601      ;
; -2.662 ; fifo:u_fifo_tx|fifo_cnt[0]                                                                            ; fifo:u_fifo_tx|fifo_cnt[3]                                                                           ; clk_i        ; clk_i       ; 1.000        ; -0.072     ; 3.589      ;
; -2.661 ; fifo:u_fifo_rx|memory_rtl_0_bypass[1]                                                                 ; fifo:u_fifo_tx|altsyncram:memory_rtl_0|altsyncram_5pd1:auto_generated|ram_block1a0~porta_datain_reg0 ; clk_i        ; clk_i       ; 1.000        ; -0.140     ; 3.551      ;
; -2.654 ; fifo:u_fifo_rx|r_ptr[3]                                                                               ; fifo:u_fifo_tx|memory~1                                                                              ; clk_i        ; clk_i       ; 1.000        ; -0.148     ; 3.505      ;
; -2.654 ; fifo:u_fifo_rx|r_ptr[3]                                                                               ; fifo:u_fifo_tx|memory~3                                                                              ; clk_i        ; clk_i       ; 1.000        ; -0.148     ; 3.505      ;
; -2.654 ; fifo:u_fifo_rx|r_ptr[3]                                                                               ; fifo:u_fifo_tx|memory~4                                                                              ; clk_i        ; clk_i       ; 1.000        ; -0.148     ; 3.505      ;
; -2.654 ; fifo:u_fifo_rx|r_ptr[3]                                                                               ; fifo:u_fifo_tx|memory~6                                                                              ; clk_i        ; clk_i       ; 1.000        ; -0.148     ; 3.505      ;
; -2.652 ; fifo:u_fifo_rx|memory_rtl_0_bypass[3]                                                                 ; fifo:u_fifo_tx|altsyncram:memory_rtl_0|altsyncram_5pd1:auto_generated|ram_block1a0~porta_datain_reg0 ; clk_i        ; clk_i       ; 1.000        ; -0.140     ; 3.542      ;
; -2.629 ; fifo:u_fifo_tx|fifo_cnt[0]                                                                            ; fifo:u_fifo_rx|fifo_cnt[1]                                                                           ; clk_i        ; clk_i       ; 1.000        ; -0.071     ; 3.557      ;
; -2.618 ; fifo:u_fifo_rx|memory_rtl_0_bypass[2]                                                                 ; fifo:u_fifo_tx|memory~2                                                                              ; clk_i        ; clk_i       ; 1.000        ; -0.493     ; 3.124      ;
; -2.616 ; fifo:u_fifo_rx|w_ptr[0]                                                                               ; fifo:u_fifo_rx|memory~1                                                                              ; clk_i        ; clk_i       ; 1.000        ; -0.082     ; 3.533      ;
; -2.616 ; fifo:u_fifo_rx|w_ptr[0]                                                                               ; fifo:u_fifo_rx|memory~6                                                                              ; clk_i        ; clk_i       ; 1.000        ; -0.082     ; 3.533      ;
; -2.616 ; fifo:u_fifo_rx|w_ptr[0]                                                                               ; fifo:u_fifo_rx|memory~4                                                                              ; clk_i        ; clk_i       ; 1.000        ; -0.082     ; 3.533      ;
; -2.616 ; fifo:u_fifo_rx|w_ptr[0]                                                                               ; fifo:u_fifo_rx|memory~3                                                                              ; clk_i        ; clk_i       ; 1.000        ; -0.082     ; 3.533      ;
; -2.606 ; fifo:u_fifo_rx|memory_rtl_0_bypass[2]                                                                 ; fifo:u_fifo_tx|memory~8                                                                              ; clk_i        ; clk_i       ; 1.000        ; -0.493     ; 3.112      ;
; -2.601 ; fifo:u_fifo_tx|fifo_cnt[0]                                                                            ; fifo:u_fifo_tx|fifo_cnt[2]                                                                           ; clk_i        ; clk_i       ; 1.000        ; -0.072     ; 3.528      ;
; -2.600 ; fifo:u_fifo_tx|fifo_cnt[0]                                                                            ; fifo:u_fifo_rx|fifo_cnt[2]                                                                           ; clk_i        ; clk_i       ; 1.000        ; -0.071     ; 3.528      ;
; -2.597 ; fifo:u_fifo_tx|memory_rtl_0_bypass[5]                                                                 ; uart_tx:u_uart_tx|b_reg[1]                                                                           ; clk_i        ; clk_i       ; 1.000        ; 0.312      ; 3.908      ;
; -2.584 ; fifo:u_fifo_rx|fifo_cnt[3]                                                                            ; fifo:u_fifo_tx|memory~1                                                                              ; clk_i        ; clk_i       ; 1.000        ; 0.269      ; 3.852      ;
; -2.584 ; fifo:u_fifo_rx|fifo_cnt[3]                                                                            ; fifo:u_fifo_tx|memory~3                                                                              ; clk_i        ; clk_i       ; 1.000        ; 0.269      ; 3.852      ;
; -2.584 ; fifo:u_fifo_rx|fifo_cnt[3]                                                                            ; fifo:u_fifo_tx|memory~4                                                                              ; clk_i        ; clk_i       ; 1.000        ; 0.269      ; 3.852      ;
; -2.584 ; fifo:u_fifo_rx|fifo_cnt[3]                                                                            ; fifo:u_fifo_tx|memory~6                                                                              ; clk_i        ; clk_i       ; 1.000        ; 0.269      ; 3.852      ;
; -2.582 ; fifo:u_fifo_tx|w_ptr[0]                                                                               ; fifo:u_fifo_tx|memory~1                                                                              ; clk_i        ; clk_i       ; 1.000        ; -0.148     ; 3.433      ;
; -2.582 ; fifo:u_fifo_tx|w_ptr[0]                                                                               ; fifo:u_fifo_tx|memory~3                                                                              ; clk_i        ; clk_i       ; 1.000        ; -0.148     ; 3.433      ;
; -2.582 ; fifo:u_fifo_tx|w_ptr[0]                                                                               ; fifo:u_fifo_tx|memory~4                                                                              ; clk_i        ; clk_i       ; 1.000        ; -0.148     ; 3.433      ;
; -2.582 ; fifo:u_fifo_tx|w_ptr[0]                                                                               ; fifo:u_fifo_tx|memory~6                                                                              ; clk_i        ; clk_i       ; 1.000        ; -0.148     ; 3.433      ;
; -2.580 ; fifo:u_fifo_rx|fifo_cnt[0]                                                                            ; fifo:u_fifo_tx|memory~1                                                                              ; clk_i        ; clk_i       ; 1.000        ; 0.269      ; 3.848      ;
; -2.580 ; fifo:u_fifo_rx|fifo_cnt[0]                                                                            ; fifo:u_fifo_tx|memory~3                                                                              ; clk_i        ; clk_i       ; 1.000        ; 0.269      ; 3.848      ;
; -2.580 ; fifo:u_fifo_rx|fifo_cnt[0]                                                                            ; fifo:u_fifo_tx|memory~4                                                                              ; clk_i        ; clk_i       ; 1.000        ; 0.269      ; 3.848      ;
; -2.580 ; fifo:u_fifo_rx|fifo_cnt[0]                                                                            ; fifo:u_fifo_tx|memory~6                                                                              ; clk_i        ; clk_i       ; 1.000        ; 0.269      ; 3.848      ;
; -2.579 ; fifo:u_fifo_rx|r_ptr[1]                                                                               ; fifo:u_fifo_tx|memory~2                                                                              ; clk_i        ; clk_i       ; 1.000        ; -0.493     ; 3.085      ;
; -2.579 ; fifo:u_fifo_rx|r_ptr[1]                                                                               ; fifo:u_fifo_tx|memory~5                                                                              ; clk_i        ; clk_i       ; 1.000        ; -0.493     ; 3.085      ;
; -2.579 ; fifo:u_fifo_rx|r_ptr[1]                                                                               ; fifo:u_fifo_tx|memory~7                                                                              ; clk_i        ; clk_i       ; 1.000        ; -0.493     ; 3.085      ;
; -2.579 ; fifo:u_fifo_rx|r_ptr[1]                                                                               ; fifo:u_fifo_tx|memory~8                                                                              ; clk_i        ; clk_i       ; 1.000        ; -0.493     ; 3.085      ;
; -2.575 ; fifo:u_fifo_rx|memory_rtl_0_bypass[1]                                                                 ; fifo:u_fifo_tx|memory~5                                                                              ; clk_i        ; clk_i       ; 1.000        ; -0.463     ; 3.111      ;
; -2.571 ; fifo:u_fifo_tx|fifo_cnt[3]                                                                            ; fifo:u_fifo_rx|fifo_cnt[3]                                                                           ; clk_i        ; clk_i       ; 1.000        ; -0.071     ; 3.499      ;
; -2.566 ; fifo:u_fifo_rx|memory_rtl_0_bypass[3]                                                                 ; fifo:u_fifo_tx|memory~5                                                                              ; clk_i        ; clk_i       ; 1.000        ; -0.463     ; 3.102      ;
; -2.559 ; fifo:u_fifo_rx|memory_rtl_0_bypass[1]                                                                 ; fifo:u_fifo_tx|memory_rtl_0_bypass[10]                                                               ; clk_i        ; clk_i       ; 1.000        ; -0.464     ; 3.094      ;
; -2.558 ; fifo:u_fifo_tx|fifo_cnt[2]                                                                            ; fifo:u_fifo_tx|memory~1                                                                              ; clk_i        ; clk_i       ; 1.000        ; 0.270      ; 3.827      ;
; -2.558 ; fifo:u_fifo_tx|fifo_cnt[2]                                                                            ; fifo:u_fifo_tx|memory~3                                                                              ; clk_i        ; clk_i       ; 1.000        ; 0.270      ; 3.827      ;
; -2.558 ; fifo:u_fifo_tx|fifo_cnt[2]                                                                            ; fifo:u_fifo_tx|memory~4                                                                              ; clk_i        ; clk_i       ; 1.000        ; 0.270      ; 3.827      ;
; -2.558 ; fifo:u_fifo_tx|fifo_cnt[2]                                                                            ; fifo:u_fifo_tx|memory~6                                                                              ; clk_i        ; clk_i       ; 1.000        ; 0.270      ; 3.827      ;
; -2.550 ; fifo:u_fifo_rx|memory_rtl_0_bypass[3]                                                                 ; fifo:u_fifo_tx|memory_rtl_0_bypass[10]                                                               ; clk_i        ; clk_i       ; 1.000        ; -0.464     ; 3.085      ;
; -2.546 ; fifo:u_fifo_rx|memory_rtl_0_bypass[1]                                                                 ; fifo:u_fifo_tx|memory~7                                                                              ; clk_i        ; clk_i       ; 1.000        ; -0.463     ; 3.082      ;
; -2.546 ; fifo:u_fifo_tx|fifo_cnt[0]                                                                            ; fifo:u_fifo_tx|fifo_cnt[1]                                                                           ; clk_i        ; clk_i       ; 1.000        ; -0.072     ; 3.473      ;
+--------+-------------------------------------------------------------------------------------------------------+------------------------------------------------------------------------------------------------------+--------------+-------------+--------------+------------+------------+


+-------------------------------------------------------------------------------------------------------------------------------------------------------------------------------------------------------------------------------------------+
; Slow 1200mV 0C Model Hold: 'clk_i'                                                                                                                                                                                                        ;
+-------+-----------------------------------------------------+-------------------------------------------------------------------------------------------------------+--------------+-------------+--------------+------------+------------+
; Slack ; From Node                                           ; To Node                                                                                               ; Launch Clock ; Latch Clock ; Relationship ; Clock Skew ; Data Delay ;
+-------+-----------------------------------------------------+-------------------------------------------------------------------------------------------------------+--------------+-------------+--------------+------------+------------+
; 0.339 ; uart_tx:u_uart_tx|b_reg[7]                          ; uart_tx:u_uart_tx|b_reg[7]                                                                            ; clk_i        ; clk_i       ; 0.000        ; 0.087      ; 0.597      ;
; 0.345 ; uart_rx:u_uart_rx|data_o[1]                         ; fifo:u_fifo_rx|altsyncram:memory_rtl_0|altsyncram_5pd1:auto_generated|ram_block1a0~porta_datain_reg0  ; clk_i        ; clk_i       ; 0.000        ; 0.392      ; 0.938      ;
; 0.349 ; fifo:u_fifo_tx|w_ptr[0]                             ; fifo:u_fifo_tx|w_ptr[0]                                                                               ; clk_i        ; clk_i       ; 0.000        ; 0.088      ; 0.608      ;
; 0.353 ; uart_rx:u_uart_rx|data_o[5]                         ; fifo:u_fifo_rx|altsyncram:memory_rtl_0|altsyncram_5pd1:auto_generated|ram_block1a0~porta_datain_reg0  ; clk_i        ; clk_i       ; 0.000        ; 0.392      ; 0.946      ;
; 0.353 ; fifo:u_fifo_rx|w_ptr[1]                             ; fifo:u_fifo_rx|altsyncram:memory_rtl_0|altsyncram_5pd1:auto_generated|ram_block1a0~porta_address_reg0 ; clk_i        ; clk_i       ; 0.000        ; 0.389      ; 0.943      ;
; 0.354 ; fifo:u_fifo_tx|r_ptr[3]                             ; fifo:u_fifo_tx|r_ptr[3]                                                                               ; clk_i        ; clk_i       ; 0.000        ; 0.072      ; 0.597      ;
; 0.354 ; fifo:u_fifo_rx|w_ptr[3]                             ; fifo:u_fifo_rx|w_ptr[3]                                                                               ; clk_i        ; clk_i       ; 0.000        ; 0.072      ; 0.597      ;
; 0.354 ; fifo:u_fifo_rx|w_ptr[2]                             ; fifo:u_fifo_rx|w_ptr[2]                                                                               ; clk_i        ; clk_i       ; 0.000        ; 0.072      ; 0.597      ;
; 0.354 ; fifo:u_fifo_rx|w_ptr[0]                             ; fifo:u_fifo_rx|w_ptr[0]                                                                               ; clk_i        ; clk_i       ; 0.000        ; 0.072      ; 0.597      ;
; 0.354 ; uart_tx:u_uart_tx|tick_cnt[2]                       ; uart_tx:u_uart_tx|tick_cnt[2]                                                                         ; clk_i        ; clk_i       ; 0.000        ; 0.072      ; 0.597      ;
; 0.354 ; uart_tx:u_uart_tx|tick_cnt[0]                       ; uart_tx:u_uart_tx|tick_cnt[0]                                                                         ; clk_i        ; clk_i       ; 0.000        ; 0.072      ; 0.597      ;
; 0.354 ; uart_tx:u_uart_tx|tick_cnt[1]                       ; uart_tx:u_uart_tx|tick_cnt[1]                                                                         ; clk_i        ; clk_i       ; 0.000        ; 0.072      ; 0.597      ;
; 0.354 ; uart_tx:u_uart_tx|tick_cnt[3]                       ; uart_tx:u_uart_tx|tick_cnt[3]                                                                         ; clk_i        ; clk_i       ; 0.000        ; 0.072      ; 0.597      ;
; 0.354 ; uart_tx:u_uart_tx|state.START                       ; uart_tx:u_uart_tx|state.START                                                                         ; clk_i        ; clk_i       ; 0.000        ; 0.072      ; 0.597      ;
; 0.354 ; uart_tx:u_uart_tx|state.STOP                        ; uart_tx:u_uart_tx|state.STOP                                                                          ; clk_i        ; clk_i       ; 0.000        ; 0.072      ; 0.597      ;
; 0.354 ; uart_tx:u_uart_tx|bit_cnt[0]                        ; uart_tx:u_uart_tx|bit_cnt[0]                                                                          ; clk_i        ; clk_i       ; 0.000        ; 0.072      ; 0.597      ;
; 0.354 ; uart_tx:u_uart_tx|bit_cnt[2]                        ; uart_tx:u_uart_tx|bit_cnt[2]                                                                          ; clk_i        ; clk_i       ; 0.000        ; 0.072      ; 0.597      ;
; 0.354 ; uart_tx:u_uart_tx|bit_cnt[1]                        ; uart_tx:u_uart_tx|bit_cnt[1]                                                                          ; clk_i        ; clk_i       ; 0.000        ; 0.072      ; 0.597      ;
; 0.354 ; uart_rx:u_uart_rx|tick_cnt[3]                       ; uart_rx:u_uart_rx|tick_cnt[3]                                                                         ; clk_i        ; clk_i       ; 0.000        ; 0.072      ; 0.597      ;
; 0.354 ; uart_rx:u_uart_rx|tick_cnt[2]                       ; uart_rx:u_uart_rx|tick_cnt[2]                                                                         ; clk_i        ; clk_i       ; 0.000        ; 0.072      ; 0.597      ;
; 0.354 ; uart_rx:u_uart_rx|tick_cnt[1]                       ; uart_rx:u_uart_rx|tick_cnt[1]                                                                         ; clk_i        ; clk_i       ; 0.000        ; 0.072      ; 0.597      ;
; 0.354 ; uart_rx:u_uart_rx|tick_cnt[0]                       ; uart_rx:u_uart_rx|tick_cnt[0]                                                                         ; clk_i        ; clk_i       ; 0.000        ; 0.072      ; 0.597      ;
; 0.354 ; uart_rx:u_uart_rx|state.START                       ; uart_rx:u_uart_rx|state.START                                                                         ; clk_i        ; clk_i       ; 0.000        ; 0.072      ; 0.597      ;
; 0.354 ; uart_rx:u_uart_rx|state.DATA                        ; uart_rx:u_uart_rx|state.DATA                                                                          ; clk_i        ; clk_i       ; 0.000        ; 0.072      ; 0.597      ;
; 0.354 ; uart_rx:u_uart_rx|state.STOP                        ; uart_rx:u_uart_rx|state.STOP                                                                          ; clk_i        ; clk_i       ; 0.000        ; 0.072      ; 0.597      ;
; 0.354 ; uart_rx:u_uart_rx|bit_cnt[2]                        ; uart_rx:u_uart_rx|bit_cnt[2]                                                                          ; clk_i        ; clk_i       ; 0.000        ; 0.072      ; 0.597      ;
; 0.354 ; uart_rx:u_uart_rx|bit_cnt[0]                        ; uart_rx:u_uart_rx|bit_cnt[0]                                                                          ; clk_i        ; clk_i       ; 0.000        ; 0.072      ; 0.597      ;
; 0.354 ; uart_rx:u_uart_rx|bit_cnt[1]                        ; uart_rx:u_uart_rx|bit_cnt[1]                                                                          ; clk_i        ; clk_i       ; 0.000        ; 0.072      ; 0.597      ;
; 0.354 ; baud_gen:u_baud_gen|count[0]                        ; baud_gen:u_baud_gen|count[0]                                                                          ; clk_i        ; clk_i       ; 0.000        ; 0.072      ; 0.597      ;
; 0.355 ; uart_rx:u_uart_rx|data_o[7]                         ; fifo:u_fifo_rx|altsyncram:memory_rtl_0|altsyncram_5pd1:auto_generated|ram_block1a0~porta_datain_reg0  ; clk_i        ; clk_i       ; 0.000        ; 0.392      ; 0.948      ;
; 0.355 ; tx_controller:u_tx_controller|uart_ready            ; tx_controller:u_tx_controller|uart_ready                                                              ; clk_i        ; clk_i       ; 0.000        ; 0.071      ; 0.597      ;
; 0.355 ; uart_tx:u_uart_tx|state.DATA                        ; uart_tx:u_uart_tx|state.DATA                                                                          ; clk_i        ; clk_i       ; 0.000        ; 0.071      ; 0.597      ;
; 0.355 ; uart_tx:u_uart_tx|state.IDLE                        ; uart_tx:u_uart_tx|state.IDLE                                                                          ; clk_i        ; clk_i       ; 0.000        ; 0.071      ; 0.597      ;
; 0.364 ; fifo:u_fifo_tx|r_ptr[3]                             ; fifo:u_fifo_tx|altsyncram:memory_rtl_0|altsyncram_5pd1:auto_generated|ram_block1a0~portb_address_reg0 ; clk_i        ; clk_i       ; 0.000        ; 0.395      ; 0.960      ;
; 0.365 ; fifo:u_fifo_tx|r_ptr[0]                             ; fifo:u_fifo_tx|r_ptr[0]                                                                               ; clk_i        ; clk_i       ; 0.000        ; 0.072      ; 0.608      ;
; 0.369 ; fifo:u_fifo_rx|w_ptr[3]                             ; fifo:u_fifo_rx|altsyncram:memory_rtl_0|altsyncram_5pd1:auto_generated|ram_block1a0~porta_address_reg0 ; clk_i        ; clk_i       ; 0.000        ; 0.389      ; 0.959      ;
; 0.370 ; uart_rx:u_uart_rx|data_o[6]                         ; fifo:u_fifo_rx|altsyncram:memory_rtl_0|altsyncram_5pd1:auto_generated|ram_block1a0~porta_datain_reg0  ; clk_i        ; clk_i       ; 0.000        ; 0.392      ; 0.963      ;
; 0.376 ; uart_rx:u_uart_rx|data_o[4]                         ; fifo:u_fifo_rx|altsyncram:memory_rtl_0|altsyncram_5pd1:auto_generated|ram_block1a0~porta_datain_reg0  ; clk_i        ; clk_i       ; 0.000        ; 0.392      ; 0.969      ;
; 0.383 ; uart_rx:u_uart_rx|data_o[0]                         ; fifo:u_fifo_rx|altsyncram:memory_rtl_0|altsyncram_5pd1:auto_generated|ram_block1a0~porta_datain_reg0  ; clk_i        ; clk_i       ; 0.000        ; 0.392      ; 0.976      ;
; 0.384 ; uart_rx:u_uart_rx|data_o[2]                         ; fifo:u_fifo_rx|altsyncram:memory_rtl_0|altsyncram_5pd1:auto_generated|ram_block1a0~porta_datain_reg0  ; clk_i        ; clk_i       ; 0.000        ; 0.392      ; 0.977      ;
; 0.387 ; fifo:u_fifo_tx|r_ptr[2]                             ; fifo:u_fifo_tx|r_ptr[3]                                                                               ; clk_i        ; clk_i       ; 0.000        ; 0.072      ; 0.630      ;
; 0.390 ; tx_controller:u_tx_controller|state.STATE_IDLE      ; tx_controller:u_tx_controller|state.STATE_READ_FIFO                                                   ; clk_i        ; clk_i       ; 0.000        ; 0.071      ; 0.632      ;
; 0.392 ; fifo:u_fifo_tx|r_ptr[0]                             ; fifo:u_fifo_tx|altsyncram:memory_rtl_0|altsyncram_5pd1:auto_generated|ram_block1a0~portb_address_reg0 ; clk_i        ; clk_i       ; 0.000        ; 0.395      ; 0.988      ;
; 0.397 ; fifo:u_fifo_tx|r_ptr[2]                             ; fifo:u_fifo_tx|altsyncram:memory_rtl_0|altsyncram_5pd1:auto_generated|ram_block1a0~portb_address_reg0 ; clk_i        ; clk_i       ; 0.000        ; 0.395      ; 0.993      ;
; 0.399 ; fifo:u_fifo_rx|w_ptr[0]                             ; fifo:u_fifo_rx|memory_rtl_0_bypass[1]                                                                 ; clk_i        ; clk_i       ; 0.000        ; 0.459      ; 1.029      ;
; 0.400 ; uart_rx:u_uart_rx|b_reg[0]                          ; uart_rx:u_uart_rx|data_o[0]                                                                           ; clk_i        ; clk_i       ; 0.000        ; 0.071      ; 0.642      ;
; 0.402 ; fifo:u_fifo_tx|r_ptr[1]                             ; fifo:u_fifo_tx|altsyncram:memory_rtl_0|altsyncram_5pd1:auto_generated|ram_block1a0~portb_address_reg0 ; clk_i        ; clk_i       ; 0.000        ; 0.395      ; 0.998      ;
; 0.402 ; uart_rx:u_uart_rx|tick_cnt[0]                       ; uart_rx:u_uart_rx|tick_cnt[1]                                                                         ; clk_i        ; clk_i       ; 0.000        ; 0.072      ; 0.645      ;
; 0.403 ; uart_rx:u_uart_rx|b_reg[1]                          ; uart_rx:u_uart_rx|data_o[1]                                                                           ; clk_i        ; clk_i       ; 0.000        ; 0.071      ; 0.645      ;
; 0.403 ; uart_rx:u_uart_rx|b_reg[2]                          ; uart_rx:u_uart_rx|b_reg[1]                                                                            ; clk_i        ; clk_i       ; 0.000        ; 0.071      ; 0.645      ;
; 0.403 ; uart_rx:u_uart_rx|b_reg[2]                          ; uart_rx:u_uart_rx|data_o[2]                                                                           ; clk_i        ; clk_i       ; 0.000        ; 0.071      ; 0.645      ;
; 0.404 ; uart_rx:u_uart_rx|b_reg[4]                          ; uart_rx:u_uart_rx|b_reg[3]                                                                            ; clk_i        ; clk_i       ; 0.000        ; 0.071      ; 0.646      ;
; 0.404 ; uart_rx:u_uart_rx|b_reg[4]                          ; uart_rx:u_uart_rx|data_o[4]                                                                           ; clk_i        ; clk_i       ; 0.000        ; 0.071      ; 0.646      ;
; 0.405 ; uart_rx:u_uart_rx|b_reg[1]                          ; uart_rx:u_uart_rx|b_reg[0]                                                                            ; clk_i        ; clk_i       ; 0.000        ; 0.071      ; 0.647      ;
; 0.407 ; fifo:u_fifo_rx|w_ptr[2]                             ; fifo:u_fifo_rx|altsyncram:memory_rtl_0|altsyncram_5pd1:auto_generated|ram_block1a0~porta_address_reg0 ; clk_i        ; clk_i       ; 0.000        ; 0.389      ; 0.997      ;
; 0.408 ; fifo:u_fifo_tx|r_ptr[0]                             ; fifo:u_fifo_tx|memory_rtl_0_bypass[2]                                                                 ; clk_i        ; clk_i       ; 0.000        ; 0.072      ; 0.651      ;
; 0.410 ; uart_rx:u_uart_rx|data_o[3]                         ; fifo:u_fifo_rx|altsyncram:memory_rtl_0|altsyncram_5pd1:auto_generated|ram_block1a0~porta_datain_reg0  ; clk_i        ; clk_i       ; 0.000        ; 0.392      ; 1.003      ;
; 0.416 ; fifo:u_fifo_tx|w_ptr[0]                             ; fifo:u_fifo_rx|memory_rtl_0_bypass[2]                                                                 ; clk_i        ; clk_i       ; 0.000        ; 0.088      ; 0.675      ;
; 0.421 ; fifo:u_fifo_tx|memory~2                             ; uart_tx:u_uart_tx|b_reg[1]                                                                            ; clk_i        ; clk_i       ; 0.000        ; 0.469      ; 1.061      ;
; 0.433 ; fifo:u_fifo_rx|fifo_cnt[4]                          ; fifo:u_fifo_rx|fifo_cnt[4]                                                                            ; clk_i        ; clk_i       ; 0.000        ; 0.072      ; 0.676      ;
; 0.436 ; tx_controller:u_tx_controller|uart_start_o          ; tx_controller:u_tx_controller|uart_ready                                                              ; clk_i        ; clk_i       ; 0.000        ; 0.071      ; 0.678      ;
; 0.455 ; fifo:u_fifo_tx|memory~4                             ; uart_tx:u_uart_tx|b_reg[3]                                                                            ; clk_i        ; clk_i       ; 0.000        ; 0.124      ; 0.750      ;
; 0.455 ; fifo:u_fifo_tx|memory~6                             ; uart_tx:u_uart_tx|b_reg[5]                                                                            ; clk_i        ; clk_i       ; 0.000        ; 0.124      ; 0.750      ;
; 0.469 ; fifo:u_fifo_rx|w_ptr[3]                             ; fifo:u_fifo_rx|memory_rtl_0_bypass[7]                                                                 ; clk_i        ; clk_i       ; 0.000        ; 0.464      ; 1.104      ;
; 0.493 ; uart_tx:u_uart_tx|b_reg[5]                          ; uart_tx:u_uart_tx|b_reg[4]                                                                            ; clk_i        ; clk_i       ; 0.000        ; 0.088      ; 0.752      ;
; 0.508 ; fifo:u_fifo_rx|memory_rtl_0_bypass[15]              ; fifo:u_fifo_tx|memory_rtl_0_bypass[15]                                                                ; clk_i        ; clk_i       ; 0.000        ; 0.072      ; 0.751      ;
; 0.513 ; uart_tx:u_uart_tx|state.STOP                        ; uart_tx:u_uart_tx|tx_o                                                                                ; clk_i        ; clk_i       ; 0.000        ; 0.072      ; 0.756      ;
; 0.550 ; tx_controller:u_tx_controller|state.STATE_READ_FIFO ; tx_controller:u_tx_controller|fifo_rd_o                                                               ; clk_i        ; clk_i       ; 0.000        ; 0.071      ; 0.792      ;
; 0.555 ; uart_rx:u_uart_rx|b_reg[5]                          ; uart_rx:u_uart_rx|data_o[5]                                                                           ; clk_i        ; clk_i       ; 0.000        ; 0.071      ; 0.797      ;
; 0.556 ; uart_rx:u_uart_rx|b_reg[5]                          ; uart_rx:u_uart_rx|b_reg[4]                                                                            ; clk_i        ; clk_i       ; 0.000        ; 0.071      ; 0.798      ;
; 0.556 ; uart_rx:u_uart_rx|b_reg[6]                          ; uart_rx:u_uart_rx|b_reg[5]                                                                            ; clk_i        ; clk_i       ; 0.000        ; 0.071      ; 0.798      ;
; 0.556 ; uart_rx:u_uart_rx|b_reg[6]                          ; uart_rx:u_uart_rx|data_o[6]                                                                           ; clk_i        ; clk_i       ; 0.000        ; 0.071      ; 0.798      ;
; 0.559 ; uart_rx:u_uart_rx|b_reg[3]                          ; uart_rx:u_uart_rx|b_reg[2]                                                                            ; clk_i        ; clk_i       ; 0.000        ; 0.071      ; 0.801      ;
; 0.559 ; uart_rx:u_uart_rx|b_reg[3]                          ; uart_rx:u_uart_rx|data_o[3]                                                                           ; clk_i        ; clk_i       ; 0.000        ; 0.071      ; 0.801      ;
; 0.583 ; fifo:u_fifo_rx|memory_rtl_0_bypass[11]              ; fifo:u_fifo_tx|memory_rtl_0_bypass[11]                                                                ; clk_i        ; clk_i       ; 0.000        ; 0.071      ; 0.825      ;
; 0.586 ; fifo:u_fifo_rx|memory_rtl_0_bypass[12]              ; fifo:u_fifo_tx|memory_rtl_0_bypass[12]                                                                ; clk_i        ; clk_i       ; 0.000        ; 0.071      ; 0.828      ;
; 0.586 ; baud_gen:u_baud_gen|count[3]                        ; baud_gen:u_baud_gen|count[3]                                                                          ; clk_i        ; clk_i       ; 0.000        ; 0.072      ; 0.829      ;
; 0.587 ; uart_tx:u_uart_tx|b_reg[1]                          ; uart_tx:u_uart_tx|b_reg[0]                                                                            ; clk_i        ; clk_i       ; 0.000        ; 0.088      ; 0.846      ;
; 0.587 ; fifo:u_fifo_rx|memory_rtl_0_bypass[9]               ; fifo:u_fifo_tx|memory_rtl_0_bypass[9]                                                                 ; clk_i        ; clk_i       ; 0.000        ; 0.071      ; 0.829      ;
; 0.588 ; baud_gen:u_baud_gen|count[1]                        ; baud_gen:u_baud_gen|count[1]                                                                          ; clk_i        ; clk_i       ; 0.000        ; 0.072      ; 0.831      ;
; 0.589 ; baud_gen:u_baud_gen|count[7]                        ; baud_gen:u_baud_gen|count[7]                                                                          ; clk_i        ; clk_i       ; 0.000        ; 0.072      ; 0.832      ;
; 0.590 ; baud_gen:u_baud_gen|count[5]                        ; baud_gen:u_baud_gen|count[5]                                                                          ; clk_i        ; clk_i       ; 0.000        ; 0.072      ; 0.833      ;
; 0.592 ; baud_gen:u_baud_gen|count[4]                        ; baud_gen:u_baud_gen|count[4]                                                                          ; clk_i        ; clk_i       ; 0.000        ; 0.072      ; 0.835      ;
; 0.594 ; fifo:u_fifo_tx|fifo_cnt[2]                          ; fifo:u_fifo_tx|fifo_cnt[2]                                                                            ; clk_i        ; clk_i       ; 0.000        ; 0.072      ; 0.837      ;
; 0.594 ; fifo:u_fifo_tx|r_ptr[1]                             ; fifo:u_fifo_tx|r_ptr[3]                                                                               ; clk_i        ; clk_i       ; 0.000        ; 0.072      ; 0.837      ;
; 0.597 ; fifo:u_fifo_tx|fifo_cnt[3]                          ; fifo:u_fifo_tx|fifo_cnt[3]                                                                            ; clk_i        ; clk_i       ; 0.000        ; 0.072      ; 0.840      ;
; 0.598 ; fifo:u_fifo_tx|fifo_cnt[1]                          ; fifo:u_fifo_tx|fifo_cnt[1]                                                                            ; clk_i        ; clk_i       ; 0.000        ; 0.072      ; 0.841      ;
; 0.603 ; uart_tx:u_uart_tx|tick_cnt[0]                       ; uart_tx:u_uart_tx|tick_cnt[1]                                                                         ; clk_i        ; clk_i       ; 0.000        ; 0.072      ; 0.846      ;
; 0.608 ; fifo:u_fifo_rx|w_ptr[2]                             ; fifo:u_fifo_rx|w_ptr[3]                                                                               ; clk_i        ; clk_i       ; 0.000        ; 0.072      ; 0.851      ;
; 0.610 ; fifo:u_fifo_rx|fifo_cnt[3]                          ; fifo:u_fifo_rx|fifo_cnt[3]                                                                            ; clk_i        ; clk_i       ; 0.000        ; 0.072      ; 0.853      ;
; 0.612 ; fifo:u_fifo_rx|w_ptr[2]                             ; fifo:u_fifo_rx|memory_rtl_0_bypass[5]                                                                 ; clk_i        ; clk_i       ; 0.000        ; 0.464      ; 1.247      ;
; 0.612 ; fifo:u_fifo_rx|fifo_cnt[2]                          ; fifo:u_fifo_rx|fifo_cnt[2]                                                                            ; clk_i        ; clk_i       ; 0.000        ; 0.072      ; 0.855      ;
; 0.612 ; fifo:u_fifo_tx|r_ptr[0]                             ; fifo:u_fifo_tx|r_ptr[3]                                                                               ; clk_i        ; clk_i       ; 0.000        ; 0.072      ; 0.855      ;
; 0.618 ; baud_gen:u_baud_gen|count[0]                        ; baud_gen:u_baud_gen|count[2]                                                                          ; clk_i        ; clk_i       ; 0.000        ; 0.072      ; 0.861      ;
; 0.619 ; baud_gen:u_baud_gen|count[0]                        ; baud_gen:u_baud_gen|count[8]                                                                          ; clk_i        ; clk_i       ; 0.000        ; 0.072      ; 0.862      ;
; 0.619 ; baud_gen:u_baud_gen|count[0]                        ; baud_gen:u_baud_gen|count[6]                                                                          ; clk_i        ; clk_i       ; 0.000        ; 0.072      ; 0.862      ;
; 0.627 ; fifo:u_fifo_tx|fifo_cnt[0]                          ; fifo:u_fifo_tx|fifo_cnt[0]                                                                            ; clk_i        ; clk_i       ; 0.000        ; 0.072      ; 0.870      ;
; 0.632 ; baud_gen:u_baud_gen|count[0]                        ; baud_gen:u_baud_gen|s_tick_o                                                                          ; clk_i        ; clk_i       ; 0.000        ; 0.072      ; 0.875      ;
; 0.636 ; uart_rx:u_uart_rx|state.STOP                        ; uart_rx:u_uart_rx|state.IDLE                                                                          ; clk_i        ; clk_i       ; 0.000        ; 0.072      ; 0.879      ;
; 0.638 ; fifo:u_fifo_tx|fifo_cnt[4]                          ; fifo:u_fifo_tx|fifo_cnt[4]                                                                            ; clk_i        ; clk_i       ; 0.000        ; 0.072      ; 0.881      ;
+-------+-----------------------------------------------------+-------------------------------------------------------------------------------------------------------+--------------+-------------+--------------+------------+------------+


+----------------------------------------------------------------------------------------------------------------------------------------------------------------------------------+
; Slow 1200mV 0C Model Minimum Pulse Width: 'clk_i'                                                                                                                                ;
+--------+--------------+----------------+------------+-------+------------+-------------------------------------------------------------------------------------------------------+
; Slack  ; Actual Width ; Required Width ; Type       ; Clock ; Clock Edge ; Target                                                                                                ;
+--------+--------------+----------------+------------+-------+------------+-------------------------------------------------------------------------------------------------------+
; -3.000 ; 1.000        ; 4.000          ; Port Rate  ; clk_i ; Rise       ; clk_i                                                                                                 ;
; -2.649 ; 1.000        ; 3.649          ; Min Period ; clk_i ; Rise       ; fifo:u_fifo_rx|altsyncram:memory_rtl_0|altsyncram_5pd1:auto_generated|ram_block1a0~porta_address_reg0 ;
; -2.649 ; 1.000        ; 3.649          ; Min Period ; clk_i ; Rise       ; fifo:u_fifo_rx|altsyncram:memory_rtl_0|altsyncram_5pd1:auto_generated|ram_block1a0~porta_datain_reg0  ;
; -2.649 ; 1.000        ; 3.649          ; Min Period ; clk_i ; Rise       ; fifo:u_fifo_rx|altsyncram:memory_rtl_0|altsyncram_5pd1:auto_generated|ram_block1a0~porta_we_reg       ;
; -2.649 ; 1.000        ; 3.649          ; Min Period ; clk_i ; Rise       ; fifo:u_fifo_rx|altsyncram:memory_rtl_0|altsyncram_5pd1:auto_generated|ram_block1a0~portb_address_reg0 ;
; -2.649 ; 1.000        ; 3.649          ; Min Period ; clk_i ; Rise       ; fifo:u_fifo_tx|altsyncram:memory_rtl_0|altsyncram_5pd1:auto_generated|ram_block1a0~porta_address_reg0 ;
; -2.649 ; 1.000        ; 3.649          ; Min Period ; clk_i ; Rise       ; fifo:u_fifo_tx|altsyncram:memory_rtl_0|altsyncram_5pd1:auto_generated|ram_block1a0~porta_datain_reg0  ;
; -2.649 ; 1.000        ; 3.649          ; Min Period ; clk_i ; Rise       ; fifo:u_fifo_tx|altsyncram:memory_rtl_0|altsyncram_5pd1:auto_generated|ram_block1a0~porta_we_reg       ;
; -2.649 ; 1.000        ; 3.649          ; Min Period ; clk_i ; Rise       ; fifo:u_fifo_tx|altsyncram:memory_rtl_0|altsyncram_5pd1:auto_generated|ram_block1a0~portb_address_reg0 ;
; -1.285 ; 1.000        ; 2.285          ; Min Period ; clk_i ; Rise       ; baud_gen:u_baud_gen|count[0]                                                                          ;
; -1.285 ; 1.000        ; 2.285          ; Min Period ; clk_i ; Rise       ; baud_gen:u_baud_gen|count[1]                                                                          ;
; -1.285 ; 1.000        ; 2.285          ; Min Period ; clk_i ; Rise       ; baud_gen:u_baud_gen|count[2]                                                                          ;
; -1.285 ; 1.000        ; 2.285          ; Min Period ; clk_i ; Rise       ; baud_gen:u_baud_gen|count[3]                                                                          ;
; -1.285 ; 1.000        ; 2.285          ; Min Period ; clk_i ; Rise       ; baud_gen:u_baud_gen|count[4]                                                                          ;
; -1.285 ; 1.000        ; 2.285          ; Min Period ; clk_i ; Rise       ; baud_gen:u_baud_gen|count[5]                                                                          ;
; -1.285 ; 1.000        ; 2.285          ; Min Period ; clk_i ; Rise       ; baud_gen:u_baud_gen|count[6]                                                                          ;
; -1.285 ; 1.000        ; 2.285          ; Min Period ; clk_i ; Rise       ; baud_gen:u_baud_gen|count[7]                                                                          ;
; -1.285 ; 1.000        ; 2.285          ; Min Period ; clk_i ; Rise       ; baud_gen:u_baud_gen|count[8]                                                                          ;
; -1.285 ; 1.000        ; 2.285          ; Min Period ; clk_i ; Rise       ; baud_gen:u_baud_gen|s_tick_o                                                                          ;
; -1.285 ; 1.000        ; 2.285          ; Min Period ; clk_i ; Rise       ; fifo:u_fifo_rx|fifo_cnt[0]                                                                            ;
; -1.285 ; 1.000        ; 2.285          ; Min Period ; clk_i ; Rise       ; fifo:u_fifo_rx|fifo_cnt[1]                                                                            ;
; -1.285 ; 1.000        ; 2.285          ; Min Period ; clk_i ; Rise       ; fifo:u_fifo_rx|fifo_cnt[2]                                                                            ;
; -1.285 ; 1.000        ; 2.285          ; Min Period ; clk_i ; Rise       ; fifo:u_fifo_rx|fifo_cnt[3]                                                                            ;
; -1.285 ; 1.000        ; 2.285          ; Min Period ; clk_i ; Rise       ; fifo:u_fifo_rx|fifo_cnt[4]                                                                            ;
; -1.285 ; 1.000        ; 2.285          ; Min Period ; clk_i ; Rise       ; fifo:u_fifo_rx|memory_rtl_0_bypass[0]                                                                 ;
; -1.285 ; 1.000        ; 2.285          ; Min Period ; clk_i ; Rise       ; fifo:u_fifo_rx|memory_rtl_0_bypass[10]                                                                ;
; -1.285 ; 1.000        ; 2.285          ; Min Period ; clk_i ; Rise       ; fifo:u_fifo_rx|memory_rtl_0_bypass[11]                                                                ;
; -1.285 ; 1.000        ; 2.285          ; Min Period ; clk_i ; Rise       ; fifo:u_fifo_rx|memory_rtl_0_bypass[12]                                                                ;
; -1.285 ; 1.000        ; 2.285          ; Min Period ; clk_i ; Rise       ; fifo:u_fifo_rx|memory_rtl_0_bypass[13]                                                                ;
; -1.285 ; 1.000        ; 2.285          ; Min Period ; clk_i ; Rise       ; fifo:u_fifo_rx|memory_rtl_0_bypass[14]                                                                ;
; -1.285 ; 1.000        ; 2.285          ; Min Period ; clk_i ; Rise       ; fifo:u_fifo_rx|memory_rtl_0_bypass[15]                                                                ;
; -1.285 ; 1.000        ; 2.285          ; Min Period ; clk_i ; Rise       ; fifo:u_fifo_rx|memory_rtl_0_bypass[16]                                                                ;
; -1.285 ; 1.000        ; 2.285          ; Min Period ; clk_i ; Rise       ; fifo:u_fifo_rx|memory_rtl_0_bypass[1]                                                                 ;
; -1.285 ; 1.000        ; 2.285          ; Min Period ; clk_i ; Rise       ; fifo:u_fifo_rx|memory_rtl_0_bypass[2]                                                                 ;
; -1.285 ; 1.000        ; 2.285          ; Min Period ; clk_i ; Rise       ; fifo:u_fifo_rx|memory_rtl_0_bypass[3]                                                                 ;
; -1.285 ; 1.000        ; 2.285          ; Min Period ; clk_i ; Rise       ; fifo:u_fifo_rx|memory_rtl_0_bypass[4]                                                                 ;
; -1.285 ; 1.000        ; 2.285          ; Min Period ; clk_i ; Rise       ; fifo:u_fifo_rx|memory_rtl_0_bypass[5]                                                                 ;
; -1.285 ; 1.000        ; 2.285          ; Min Period ; clk_i ; Rise       ; fifo:u_fifo_rx|memory_rtl_0_bypass[6]                                                                 ;
; -1.285 ; 1.000        ; 2.285          ; Min Period ; clk_i ; Rise       ; fifo:u_fifo_rx|memory_rtl_0_bypass[7]                                                                 ;
; -1.285 ; 1.000        ; 2.285          ; Min Period ; clk_i ; Rise       ; fifo:u_fifo_rx|memory_rtl_0_bypass[8]                                                                 ;
; -1.285 ; 1.000        ; 2.285          ; Min Period ; clk_i ; Rise       ; fifo:u_fifo_rx|memory_rtl_0_bypass[9]                                                                 ;
; -1.285 ; 1.000        ; 2.285          ; Min Period ; clk_i ; Rise       ; fifo:u_fifo_rx|memory~0                                                                               ;
; -1.285 ; 1.000        ; 2.285          ; Min Period ; clk_i ; Rise       ; fifo:u_fifo_rx|memory~1                                                                               ;
; -1.285 ; 1.000        ; 2.285          ; Min Period ; clk_i ; Rise       ; fifo:u_fifo_rx|memory~2                                                                               ;
; -1.285 ; 1.000        ; 2.285          ; Min Period ; clk_i ; Rise       ; fifo:u_fifo_rx|memory~3                                                                               ;
; -1.285 ; 1.000        ; 2.285          ; Min Period ; clk_i ; Rise       ; fifo:u_fifo_rx|memory~4                                                                               ;
; -1.285 ; 1.000        ; 2.285          ; Min Period ; clk_i ; Rise       ; fifo:u_fifo_rx|memory~5                                                                               ;
; -1.285 ; 1.000        ; 2.285          ; Min Period ; clk_i ; Rise       ; fifo:u_fifo_rx|memory~6                                                                               ;
; -1.285 ; 1.000        ; 2.285          ; Min Period ; clk_i ; Rise       ; fifo:u_fifo_rx|memory~7                                                                               ;
; -1.285 ; 1.000        ; 2.285          ; Min Period ; clk_i ; Rise       ; fifo:u_fifo_rx|memory~8                                                                               ;
; -1.285 ; 1.000        ; 2.285          ; Min Period ; clk_i ; Rise       ; fifo:u_fifo_rx|r_ptr[1]                                                                               ;
; -1.285 ; 1.000        ; 2.285          ; Min Period ; clk_i ; Rise       ; fifo:u_fifo_rx|r_ptr[2]                                                                               ;
; -1.285 ; 1.000        ; 2.285          ; Min Period ; clk_i ; Rise       ; fifo:u_fifo_rx|r_ptr[3]                                                                               ;
; -1.285 ; 1.000        ; 2.285          ; Min Period ; clk_i ; Rise       ; fifo:u_fifo_rx|w_ptr[0]                                                                               ;
; -1.285 ; 1.000        ; 2.285          ; Min Period ; clk_i ; Rise       ; fifo:u_fifo_rx|w_ptr[1]                                                                               ;
; -1.285 ; 1.000        ; 2.285          ; Min Period ; clk_i ; Rise       ; fifo:u_fifo_rx|w_ptr[2]                                                                               ;
; -1.285 ; 1.000        ; 2.285          ; Min Period ; clk_i ; Rise       ; fifo:u_fifo_rx|w_ptr[3]                                                                               ;
; -1.285 ; 1.000        ; 2.285          ; Min Period ; clk_i ; Rise       ; fifo:u_fifo_tx|fifo_cnt[0]                                                                            ;
; -1.285 ; 1.000        ; 2.285          ; Min Period ; clk_i ; Rise       ; fifo:u_fifo_tx|fifo_cnt[1]                                                                            ;
; -1.285 ; 1.000        ; 2.285          ; Min Period ; clk_i ; Rise       ; fifo:u_fifo_tx|fifo_cnt[2]                                                                            ;
; -1.285 ; 1.000        ; 2.285          ; Min Period ; clk_i ; Rise       ; fifo:u_fifo_tx|fifo_cnt[3]                                                                            ;
; -1.285 ; 1.000        ; 2.285          ; Min Period ; clk_i ; Rise       ; fifo:u_fifo_tx|fifo_cnt[4]                                                                            ;
; -1.285 ; 1.000        ; 2.285          ; Min Period ; clk_i ; Rise       ; fifo:u_fifo_tx|memory_rtl_0_bypass[0]                                                                 ;
; -1.285 ; 1.000        ; 2.285          ; Min Period ; clk_i ; Rise       ; fifo:u_fifo_tx|memory_rtl_0_bypass[10]                                                                ;
; -1.285 ; 1.000        ; 2.285          ; Min Period ; clk_i ; Rise       ; fifo:u_fifo_tx|memory_rtl_0_bypass[11]                                                                ;
; -1.285 ; 1.000        ; 2.285          ; Min Period ; clk_i ; Rise       ; fifo:u_fifo_tx|memory_rtl_0_bypass[12]                                                                ;
; -1.285 ; 1.000        ; 2.285          ; Min Period ; clk_i ; Rise       ; fifo:u_fifo_tx|memory_rtl_0_bypass[13]                                                                ;
; -1.285 ; 1.000        ; 2.285          ; Min Period ; clk_i ; Rise       ; fifo:u_fifo_tx|memory_rtl_0_bypass[14]                                                                ;
; -1.285 ; 1.000        ; 2.285          ; Min Period ; clk_i ; Rise       ; fifo:u_fifo_tx|memory_rtl_0_bypass[15]                                                                ;
; -1.285 ; 1.000        ; 2.285          ; Min Period ; clk_i ; Rise       ; fifo:u_fifo_tx|memory_rtl_0_bypass[16]                                                                ;
; -1.285 ; 1.000        ; 2.285          ; Min Period ; clk_i ; Rise       ; fifo:u_fifo_tx|memory_rtl_0_bypass[1]                                                                 ;
; -1.285 ; 1.000        ; 2.285          ; Min Period ; clk_i ; Rise       ; fifo:u_fifo_tx|memory_rtl_0_bypass[2]                                                                 ;
; -1.285 ; 1.000        ; 2.285          ; Min Period ; clk_i ; Rise       ; fifo:u_fifo_tx|memory_rtl_0_bypass[3]                                                                 ;
; -1.285 ; 1.000        ; 2.285          ; Min Period ; clk_i ; Rise       ; fifo:u_fifo_tx|memory_rtl_0_bypass[4]                                                                 ;
; -1.285 ; 1.000        ; 2.285          ; Min Period ; clk_i ; Rise       ; fifo:u_fifo_tx|memory_rtl_0_bypass[5]                                                                 ;
; -1.285 ; 1.000        ; 2.285          ; Min Period ; clk_i ; Rise       ; fifo:u_fifo_tx|memory_rtl_0_bypass[6]                                                                 ;
; -1.285 ; 1.000        ; 2.285          ; Min Period ; clk_i ; Rise       ; fifo:u_fifo_tx|memory_rtl_0_bypass[7]                                                                 ;
; -1.285 ; 1.000        ; 2.285          ; Min Period ; clk_i ; Rise       ; fifo:u_fifo_tx|memory_rtl_0_bypass[8]                                                                 ;
; -1.285 ; 1.000        ; 2.285          ; Min Period ; clk_i ; Rise       ; fifo:u_fifo_tx|memory_rtl_0_bypass[9]                                                                 ;
; -1.285 ; 1.000        ; 2.285          ; Min Period ; clk_i ; Rise       ; fifo:u_fifo_tx|memory~0                                                                               ;
; -1.285 ; 1.000        ; 2.285          ; Min Period ; clk_i ; Rise       ; fifo:u_fifo_tx|memory~1                                                                               ;
; -1.285 ; 1.000        ; 2.285          ; Min Period ; clk_i ; Rise       ; fifo:u_fifo_tx|memory~2                                                                               ;
; -1.285 ; 1.000        ; 2.285          ; Min Period ; clk_i ; Rise       ; fifo:u_fifo_tx|memory~3                                                                               ;
; -1.285 ; 1.000        ; 2.285          ; Min Period ; clk_i ; Rise       ; fifo:u_fifo_tx|memory~4                                                                               ;
; -1.285 ; 1.000        ; 2.285          ; Min Period ; clk_i ; Rise       ; fifo:u_fifo_tx|memory~5                                                                               ;
; -1.285 ; 1.000        ; 2.285          ; Min Period ; clk_i ; Rise       ; fifo:u_fifo_tx|memory~6                                                                               ;
; -1.285 ; 1.000        ; 2.285          ; Min Period ; clk_i ; Rise       ; fifo:u_fifo_tx|memory~7                                                                               ;
; -1.285 ; 1.000        ; 2.285          ; Min Period ; clk_i ; Rise       ; fifo:u_fifo_tx|memory~8                                                                               ;
; -1.285 ; 1.000        ; 2.285          ; Min Period ; clk_i ; Rise       ; fifo:u_fifo_tx|r_ptr[0]                                                                               ;
; -1.285 ; 1.000        ; 2.285          ; Min Period ; clk_i ; Rise       ; fifo:u_fifo_tx|r_ptr[1]                                                                               ;
; -1.285 ; 1.000        ; 2.285          ; Min Period ; clk_i ; Rise       ; fifo:u_fifo_tx|r_ptr[2]                                                                               ;
; -1.285 ; 1.000        ; 2.285          ; Min Period ; clk_i ; Rise       ; fifo:u_fifo_tx|r_ptr[3]                                                                               ;
; -1.285 ; 1.000        ; 2.285          ; Min Period ; clk_i ; Rise       ; fifo:u_fifo_tx|w_ptr[0]                                                                               ;
; -1.285 ; 1.000        ; 2.285          ; Min Period ; clk_i ; Rise       ; tx_controller:u_tx_controller|fifo_rd_o                                                               ;
; -1.285 ; 1.000        ; 2.285          ; Min Period ; clk_i ; Rise       ; tx_controller:u_tx_controller|state.STATE_IDLE                                                        ;
; -1.285 ; 1.000        ; 2.285          ; Min Period ; clk_i ; Rise       ; tx_controller:u_tx_controller|state.STATE_READ_FIFO                                                   ;
; -1.285 ; 1.000        ; 2.285          ; Min Period ; clk_i ; Rise       ; tx_controller:u_tx_controller|uart_ready                                                              ;
; -1.285 ; 1.000        ; 2.285          ; Min Period ; clk_i ; Rise       ; tx_controller:u_tx_controller|uart_start_o                                                            ;
; -1.285 ; 1.000        ; 2.285          ; Min Period ; clk_i ; Rise       ; uart_rx:u_uart_rx|b_reg[0]                                                                            ;
; -1.285 ; 1.000        ; 2.285          ; Min Period ; clk_i ; Rise       ; uart_rx:u_uart_rx|b_reg[1]                                                                            ;
+--------+--------------+----------------+------------+-------+------------+-------------------------------------------------------------------------------------------------------+


+-----------------------------------------------------------------------+
; Setup Times                                                           ;
+-----------+------------+-------+-------+------------+-----------------+
; Data Port ; Clock Port ; Rise  ; Fall  ; Clock Edge ; Clock Reference ;
+-----------+------------+-------+-------+------------+-----------------+
; rst_i     ; clk_i      ; 2.808 ; 3.030 ; Rise       ; clk_i           ;
; rx_i      ; clk_i      ; 3.444 ; 3.767 ; Rise       ; clk_i           ;
+-----------+------------+-------+-------+------------+-----------------+


+-------------------------------------------------------------------------+
; Hold Times                                                              ;
+-----------+------------+--------+--------+------------+-----------------+
; Data Port ; Clock Port ; Rise   ; Fall   ; Clock Edge ; Clock Reference ;
+-----------+------------+--------+--------+------------+-----------------+
; rst_i     ; clk_i      ; -0.880 ; -0.950 ; Rise       ; clk_i           ;
; rx_i      ; clk_i      ; -1.220 ; -1.518 ; Rise       ; clk_i           ;
+-----------+------------+--------+--------+------------+-----------------+


+-----------------------------------------------------------------------+
; Clock to Output Times                                                 ;
+-----------+------------+-------+-------+------------+-----------------+
; Data Port ; Clock Port ; Rise  ; Fall  ; Clock Edge ; Clock Reference ;
+-----------+------------+-------+-------+------------+-----------------+
; tx_o      ; clk_i      ; 6.914 ; 6.927 ; Rise       ; clk_i           ;
+-----------+------------+-------+-------+------------+-----------------+


+-----------------------------------------------------------------------+
; Minimum Clock to Output Times                                         ;
+-----------+------------+-------+-------+------------+-----------------+
; Data Port ; Clock Port ; Rise  ; Fall  ; Clock Edge ; Clock Reference ;
+-----------+------------+-------+-------+------------+-----------------+
; tx_o      ; clk_i      ; 6.665 ; 6.678 ; Rise       ; clk_i           ;
+-----------+------------+-------+-------+------------+-----------------+


---------------------------------------------
; Slow 1200mV 0C Model Metastability Report ;
---------------------------------------------
No synchronizer chains to report.


+------------------------------------+
; Fast 1200mV 0C Model Setup Summary ;
+-------+--------+-------------------+
; Clock ; Slack  ; End Point TNS     ;
+-------+--------+-------------------+
; clk_i ; -1.544 ; -79.709           ;
+-------+--------+-------------------+


+-----------------------------------+
; Fast 1200mV 0C Model Hold Summary ;
+-------+-------+-------------------+
; Clock ; Slack ; End Point TNS     ;
+-------+-------+-------------------+
; clk_i ; 0.136 ; 0.000             ;
+-------+-------+-------------------+


-----------------------------------------
; Fast 1200mV 0C Model Recovery Summary ;
-----------------------------------------
No paths to report.


----------------------------------------
; Fast 1200mV 0C Model Removal Summary ;
----------------------------------------
No paths to report.


+--------------------------------------------------+
; Fast 1200mV 0C Model Minimum Pulse Width Summary ;
+-------+--------+---------------------------------+
; Clock ; Slack  ; End Point TNS                   ;
+-------+--------+---------------------------------+
; clk_i ; -3.000 ; -159.092                        ;
+-------+--------+---------------------------------+


+---------------------------------------------------------------------------------------------------------------------------------------------------------------------------------------------------------------------------------------------------------------------------------------------+
; Fast 1200mV 0C Model Setup: 'clk_i'                                                                                                                                                                                                                                                         ;
+--------+-------------------------------------------------------------------------------------------------------+------------------------------------------------------------------------------------------------------+--------------+-------------+--------------+------------+------------+
; Slack  ; From Node                                                                                             ; To Node                                                                                              ; Launch Clock ; Latch Clock ; Relationship ; Clock Skew ; Data Delay ;
+--------+-------------------------------------------------------------------------------------------------------+------------------------------------------------------------------------------------------------------+--------------+-------------+--------------+------------+------------+
; -1.544 ; fifo:u_fifo_rx|altsyncram:memory_rtl_0|altsyncram_5pd1:auto_generated|ram_block1a0~portb_address_reg0 ; fifo:u_fifo_tx|memory~2                                                                              ; clk_i        ; clk_i       ; 1.000        ; -0.226     ; 2.305      ;
; -1.534 ; fifo:u_fifo_rx|altsyncram:memory_rtl_0|altsyncram_5pd1:auto_generated|ram_block1a0~portb_address_reg0 ; fifo:u_fifo_tx|memory~8                                                                              ; clk_i        ; clk_i       ; 1.000        ; -0.226     ; 2.295      ;
; -1.533 ; fifo:u_fifo_rx|altsyncram:memory_rtl_0|altsyncram_5pd1:auto_generated|ram_block1a0~portb_address_reg0 ; fifo:u_fifo_tx|altsyncram:memory_rtl_0|altsyncram_5pd1:auto_generated|ram_block1a0~porta_datain_reg0 ; clk_i        ; clk_i       ; 1.000        ; -0.045     ; 2.497      ;
; -1.458 ; fifo:u_fifo_rx|altsyncram:memory_rtl_0|altsyncram_5pd1:auto_generated|ram_block1a0~portb_address_reg0 ; fifo:u_fifo_tx|memory~5                                                                              ; clk_i        ; clk_i       ; 1.000        ; -0.226     ; 2.219      ;
; -1.456 ; fifo:u_fifo_rx|altsyncram:memory_rtl_0|altsyncram_5pd1:auto_generated|ram_block1a0~portb_address_reg0 ; fifo:u_fifo_tx|memory~7                                                                              ; clk_i        ; clk_i       ; 1.000        ; -0.226     ; 2.217      ;
; -1.440 ; fifo:u_fifo_rx|altsyncram:memory_rtl_0|altsyncram_5pd1:auto_generated|ram_block1a0~portb_address_reg0 ; fifo:u_fifo_tx|memory_rtl_0_bypass[10]                                                               ; clk_i        ; clk_i       ; 1.000        ; -0.226     ; 2.201      ;
; -1.307 ; fifo:u_fifo_rx|altsyncram:memory_rtl_0|altsyncram_5pd1:auto_generated|ram_block1a0~portb_address_reg0 ; fifo:u_fifo_tx|memory~3                                                                              ; clk_i        ; clk_i       ; 1.000        ; -0.044     ; 2.250      ;
; -1.197 ; fifo:u_fifo_rx|altsyncram:memory_rtl_0|altsyncram_5pd1:auto_generated|ram_block1a0~portb_address_reg0 ; fifo:u_fifo_tx|memory_rtl_0_bypass[15]                                                               ; clk_i        ; clk_i       ; 1.000        ; -0.226     ; 1.958      ;
; -1.195 ; fifo:u_fifo_rx|altsyncram:memory_rtl_0|altsyncram_5pd1:auto_generated|ram_block1a0~portb_address_reg0 ; fifo:u_fifo_tx|memory_rtl_0_bypass[16]                                                               ; clk_i        ; clk_i       ; 1.000        ; -0.226     ; 1.956      ;
; -1.187 ; fifo:u_fifo_rx|altsyncram:memory_rtl_0|altsyncram_5pd1:auto_generated|ram_block1a0~portb_address_reg0 ; fifo:u_fifo_tx|memory~4                                                                              ; clk_i        ; clk_i       ; 1.000        ; -0.044     ; 2.130      ;
; -1.185 ; fifo:u_fifo_rx|altsyncram:memory_rtl_0|altsyncram_5pd1:auto_generated|ram_block1a0~portb_address_reg0 ; fifo:u_fifo_tx|memory~6                                                                              ; clk_i        ; clk_i       ; 1.000        ; -0.044     ; 2.128      ;
; -1.182 ; fifo:u_fifo_rx|altsyncram:memory_rtl_0|altsyncram_5pd1:auto_generated|ram_block1a0~portb_address_reg0 ; fifo:u_fifo_tx|memory_rtl_0_bypass[13]                                                               ; clk_i        ; clk_i       ; 1.000        ; -0.226     ; 1.943      ;
; -1.174 ; fifo:u_fifo_tx|altsyncram:memory_rtl_0|altsyncram_5pd1:auto_generated|ram_block1a0~portb_address_reg0 ; uart_tx:u_uart_tx|b_reg[7]                                                                           ; clk_i        ; clk_i       ; 1.000        ; -0.031     ; 2.130      ;
; -1.172 ; fifo:u_fifo_rx|altsyncram:memory_rtl_0|altsyncram_5pd1:auto_generated|ram_block1a0~portb_address_reg0 ; fifo:u_fifo_tx|memory_rtl_0_bypass[11]                                                               ; clk_i        ; clk_i       ; 1.000        ; -0.229     ; 1.930      ;
; -1.165 ; fifo:u_fifo_rx|r_ptr[2]                                                                               ; fifo:u_fifo_tx|memory~1                                                                              ; clk_i        ; clk_i       ; 1.000        ; -0.080     ; 2.072      ;
; -1.165 ; fifo:u_fifo_rx|r_ptr[2]                                                                               ; fifo:u_fifo_tx|memory~3                                                                              ; clk_i        ; clk_i       ; 1.000        ; -0.080     ; 2.072      ;
; -1.165 ; fifo:u_fifo_rx|r_ptr[2]                                                                               ; fifo:u_fifo_tx|memory~4                                                                              ; clk_i        ; clk_i       ; 1.000        ; -0.080     ; 2.072      ;
; -1.165 ; fifo:u_fifo_rx|r_ptr[2]                                                                               ; fifo:u_fifo_tx|memory~6                                                                              ; clk_i        ; clk_i       ; 1.000        ; -0.080     ; 2.072      ;
; -1.153 ; fifo:u_fifo_rx|altsyncram:memory_rtl_0|altsyncram_5pd1:auto_generated|ram_block1a0~portb_address_reg0 ; fifo:u_fifo_tx|memory~1                                                                              ; clk_i        ; clk_i       ; 1.000        ; -0.044     ; 2.096      ;
; -1.093 ; fifo:u_fifo_tx|altsyncram:memory_rtl_0|altsyncram_5pd1:auto_generated|ram_block1a0~portb_address_reg0 ; uart_tx:u_uart_tx|b_reg[3]                                                                           ; clk_i        ; clk_i       ; 1.000        ; -0.033     ; 2.047      ;
; -1.074 ; fifo:u_fifo_tx|altsyncram:memory_rtl_0|altsyncram_5pd1:auto_generated|ram_block1a0~portb_address_reg0 ; uart_tx:u_uart_tx|b_reg[5]                                                                           ; clk_i        ; clk_i       ; 1.000        ; -0.033     ; 2.028      ;
; -1.068 ; fifo:u_fifo_tx|altsyncram:memory_rtl_0|altsyncram_5pd1:auto_generated|ram_block1a0~portb_address_reg0 ; uart_tx:u_uart_tx|b_reg[4]                                                                           ; clk_i        ; clk_i       ; 1.000        ; -0.033     ; 2.022      ;
; -1.046 ; fifo:u_fifo_tx|fifo_cnt[0]                                                                            ; fifo:u_fifo_tx|memory~1                                                                              ; clk_i        ; clk_i       ; 1.000        ; 0.136      ; 2.169      ;
; -1.046 ; fifo:u_fifo_tx|fifo_cnt[0]                                                                            ; fifo:u_fifo_tx|memory~3                                                                              ; clk_i        ; clk_i       ; 1.000        ; 0.136      ; 2.169      ;
; -1.046 ; fifo:u_fifo_tx|fifo_cnt[0]                                                                            ; fifo:u_fifo_tx|memory~4                                                                              ; clk_i        ; clk_i       ; 1.000        ; 0.136      ; 2.169      ;
; -1.046 ; fifo:u_fifo_tx|fifo_cnt[0]                                                                            ; fifo:u_fifo_tx|memory~6                                                                              ; clk_i        ; clk_i       ; 1.000        ; 0.136      ; 2.169      ;
; -1.037 ; fifo:u_fifo_tx|altsyncram:memory_rtl_0|altsyncram_5pd1:auto_generated|ram_block1a0~portb_address_reg0 ; uart_tx:u_uart_tx|b_reg[2]                                                                           ; clk_i        ; clk_i       ; 1.000        ; -0.033     ; 1.991      ;
; -1.033 ; fifo:u_fifo_rx|altsyncram:memory_rtl_0|altsyncram_5pd1:auto_generated|ram_block1a0~portb_address_reg0 ; fifo:u_fifo_tx|memory_rtl_0_bypass[12]                                                               ; clk_i        ; clk_i       ; 1.000        ; -0.229     ; 1.791      ;
; -1.032 ; fifo:u_fifo_rx|altsyncram:memory_rtl_0|altsyncram_5pd1:auto_generated|ram_block1a0~portb_address_reg0 ; fifo:u_fifo_tx|memory_rtl_0_bypass[14]                                                               ; clk_i        ; clk_i       ; 1.000        ; -0.229     ; 1.790      ;
; -1.029 ; fifo:u_fifo_tx|altsyncram:memory_rtl_0|altsyncram_5pd1:auto_generated|ram_block1a0~portb_address_reg0 ; uart_tx:u_uart_tx|b_reg[6]                                                                           ; clk_i        ; clk_i       ; 1.000        ; -0.033     ; 1.983      ;
; -1.024 ; fifo:u_fifo_rx|r_ptr[2]                                                                               ; fifo:u_fifo_tx|memory~2                                                                              ; clk_i        ; clk_i       ; 1.000        ; -0.262     ; 1.749      ;
; -1.024 ; fifo:u_fifo_rx|r_ptr[2]                                                                               ; fifo:u_fifo_tx|memory~5                                                                              ; clk_i        ; clk_i       ; 1.000        ; -0.262     ; 1.749      ;
; -1.024 ; fifo:u_fifo_rx|r_ptr[2]                                                                               ; fifo:u_fifo_tx|memory~7                                                                              ; clk_i        ; clk_i       ; 1.000        ; -0.262     ; 1.749      ;
; -1.024 ; fifo:u_fifo_rx|r_ptr[2]                                                                               ; fifo:u_fifo_tx|memory~8                                                                              ; clk_i        ; clk_i       ; 1.000        ; -0.262     ; 1.749      ;
; -1.021 ; fifo:u_fifo_rx|memory_rtl_0_bypass[3]                                                                 ; fifo:u_fifo_tx|memory~2                                                                              ; clk_i        ; clk_i       ; 1.000        ; -0.249     ; 1.759      ;
; -1.017 ; fifo:u_fifo_rx|altsyncram:memory_rtl_0|altsyncram_5pd1:auto_generated|ram_block1a0~portb_address_reg0 ; fifo:u_fifo_tx|memory_rtl_0_bypass[9]                                                                ; clk_i        ; clk_i       ; 1.000        ; -0.229     ; 1.775      ;
; -1.011 ; fifo:u_fifo_rx|memory_rtl_0_bypass[1]                                                                 ; fifo:u_fifo_tx|memory~2                                                                              ; clk_i        ; clk_i       ; 1.000        ; -0.249     ; 1.749      ;
; -1.010 ; fifo:u_fifo_tx|fifo_cnt[0]                                                                            ; fifo:u_fifo_rx|fifo_cnt[4]                                                                           ; clk_i        ; clk_i       ; 1.000        ; -0.042     ; 1.955      ;
; -1.006 ; fifo:u_fifo_tx|fifo_cnt[0]                                                                            ; fifo:u_fifo_rx|fifo_cnt[3]                                                                           ; clk_i        ; clk_i       ; 1.000        ; -0.042     ; 1.951      ;
; -1.005 ; fifo:u_fifo_tx|altsyncram:memory_rtl_0|altsyncram_5pd1:auto_generated|ram_block1a0~portb_address_reg0 ; uart_tx:u_uart_tx|b_reg[0]                                                                           ; clk_i        ; clk_i       ; 1.000        ; -0.033     ; 1.959      ;
; -0.993 ; fifo:u_fifo_rx|memory_rtl_0_bypass[3]                                                                 ; fifo:u_fifo_tx|memory~8                                                                              ; clk_i        ; clk_i       ; 1.000        ; -0.249     ; 1.731      ;
; -0.993 ; fifo:u_fifo_rx|r_ptr[1]                                                                               ; fifo:u_fifo_tx|memory~1                                                                              ; clk_i        ; clk_i       ; 1.000        ; -0.080     ; 1.900      ;
; -0.993 ; fifo:u_fifo_rx|r_ptr[1]                                                                               ; fifo:u_fifo_tx|memory~3                                                                              ; clk_i        ; clk_i       ; 1.000        ; -0.080     ; 1.900      ;
; -0.993 ; fifo:u_fifo_rx|r_ptr[1]                                                                               ; fifo:u_fifo_tx|memory~4                                                                              ; clk_i        ; clk_i       ; 1.000        ; -0.080     ; 1.900      ;
; -0.993 ; fifo:u_fifo_rx|r_ptr[1]                                                                               ; fifo:u_fifo_tx|memory~6                                                                              ; clk_i        ; clk_i       ; 1.000        ; -0.080     ; 1.900      ;
; -0.992 ; fifo:u_fifo_tx|altsyncram:memory_rtl_0|altsyncram_5pd1:auto_generated|ram_block1a0~portb_address_reg0 ; uart_tx:u_uart_tx|b_reg[1]                                                                           ; clk_i        ; clk_i       ; 1.000        ; -0.033     ; 1.946      ;
; -0.992 ; fifo:u_fifo_rx|memory_rtl_0_bypass[3]                                                                 ; fifo:u_fifo_tx|altsyncram:memory_rtl_0|altsyncram_5pd1:auto_generated|ram_block1a0~porta_datain_reg0 ; clk_i        ; clk_i       ; 1.000        ; -0.068     ; 1.933      ;
; -0.989 ; fifo:u_fifo_tx|fifo_cnt[0]                                                                            ; fifo:u_fifo_tx|fifo_cnt[4]                                                                           ; clk_i        ; clk_i       ; 1.000        ; -0.042     ; 1.934      ;
; -0.984 ; fifo:u_fifo_tx|memory_rtl_0_bypass[5]                                                                 ; uart_tx:u_uart_tx|b_reg[1]                                                                           ; clk_i        ; clk_i       ; 1.000        ; 0.155      ; 2.126      ;
; -0.983 ; fifo:u_fifo_rx|memory_rtl_0_bypass[1]                                                                 ; fifo:u_fifo_tx|memory~8                                                                              ; clk_i        ; clk_i       ; 1.000        ; -0.249     ; 1.721      ;
; -0.982 ; fifo:u_fifo_rx|memory_rtl_0_bypass[1]                                                                 ; fifo:u_fifo_tx|altsyncram:memory_rtl_0|altsyncram_5pd1:auto_generated|ram_block1a0~porta_datain_reg0 ; clk_i        ; clk_i       ; 1.000        ; -0.068     ; 1.923      ;
; -0.975 ; fifo:u_fifo_tx|fifo_cnt[3]                                                                            ; fifo:u_fifo_tx|memory~1                                                                              ; clk_i        ; clk_i       ; 1.000        ; 0.136      ; 2.098      ;
; -0.975 ; fifo:u_fifo_tx|fifo_cnt[3]                                                                            ; fifo:u_fifo_tx|memory~3                                                                              ; clk_i        ; clk_i       ; 1.000        ; 0.136      ; 2.098      ;
; -0.975 ; fifo:u_fifo_tx|fifo_cnt[3]                                                                            ; fifo:u_fifo_tx|memory~4                                                                              ; clk_i        ; clk_i       ; 1.000        ; 0.136      ; 2.098      ;
; -0.975 ; fifo:u_fifo_tx|fifo_cnt[3]                                                                            ; fifo:u_fifo_tx|memory~6                                                                              ; clk_i        ; clk_i       ; 1.000        ; 0.136      ; 2.098      ;
; -0.974 ; fifo:u_fifo_rx|memory_rtl_0_bypass[2]                                                                 ; fifo:u_fifo_tx|memory~2                                                                              ; clk_i        ; clk_i       ; 1.000        ; -0.262     ; 1.699      ;
; -0.946 ; fifo:u_fifo_rx|memory_rtl_0_bypass[2]                                                                 ; fifo:u_fifo_tx|memory~8                                                                              ; clk_i        ; clk_i       ; 1.000        ; -0.262     ; 1.671      ;
; -0.945 ; fifo:u_fifo_rx|memory_rtl_0_bypass[2]                                                                 ; fifo:u_fifo_tx|altsyncram:memory_rtl_0|altsyncram_5pd1:auto_generated|ram_block1a0~porta_datain_reg0 ; clk_i        ; clk_i       ; 1.000        ; -0.081     ; 1.873      ;
; -0.942 ; fifo:u_fifo_tx|fifo_cnt[0]                                                                            ; fifo:u_fifo_rx|fifo_cnt[2]                                                                           ; clk_i        ; clk_i       ; 1.000        ; -0.042     ; 1.887      ;
; -0.939 ; fifo:u_fifo_tx|fifo_cnt[3]                                                                            ; fifo:u_fifo_rx|fifo_cnt[4]                                                                           ; clk_i        ; clk_i       ; 1.000        ; -0.042     ; 1.884      ;
; -0.938 ; fifo:u_fifo_tx|fifo_cnt[0]                                                                            ; fifo:u_fifo_rx|fifo_cnt[1]                                                                           ; clk_i        ; clk_i       ; 1.000        ; -0.042     ; 1.883      ;
; -0.938 ; fifo:u_fifo_tx|fifo_cnt[0]                                                                            ; fifo:u_fifo_tx|memory~2                                                                              ; clk_i        ; clk_i       ; 1.000        ; -0.046     ; 1.879      ;
; -0.938 ; fifo:u_fifo_tx|fifo_cnt[0]                                                                            ; fifo:u_fifo_tx|memory~5                                                                              ; clk_i        ; clk_i       ; 1.000        ; -0.046     ; 1.879      ;
; -0.938 ; fifo:u_fifo_tx|fifo_cnt[0]                                                                            ; fifo:u_fifo_tx|memory~7                                                                              ; clk_i        ; clk_i       ; 1.000        ; -0.046     ; 1.879      ;
; -0.938 ; fifo:u_fifo_tx|fifo_cnt[0]                                                                            ; fifo:u_fifo_tx|memory~8                                                                              ; clk_i        ; clk_i       ; 1.000        ; -0.046     ; 1.879      ;
; -0.935 ; fifo:u_fifo_tx|fifo_cnt[3]                                                                            ; fifo:u_fifo_rx|fifo_cnt[3]                                                                           ; clk_i        ; clk_i       ; 1.000        ; -0.042     ; 1.880      ;
; -0.928 ; fifo:u_fifo_rx|w_ptr[0]                                                                               ; fifo:u_fifo_rx|memory~1                                                                              ; clk_i        ; clk_i       ; 1.000        ; -0.049     ; 1.866      ;
; -0.928 ; fifo:u_fifo_rx|w_ptr[0]                                                                               ; fifo:u_fifo_rx|memory~6                                                                              ; clk_i        ; clk_i       ; 1.000        ; -0.049     ; 1.866      ;
; -0.928 ; fifo:u_fifo_rx|w_ptr[0]                                                                               ; fifo:u_fifo_rx|memory~4                                                                              ; clk_i        ; clk_i       ; 1.000        ; -0.049     ; 1.866      ;
; -0.928 ; fifo:u_fifo_rx|w_ptr[0]                                                                               ; fifo:u_fifo_rx|memory~3                                                                              ; clk_i        ; clk_i       ; 1.000        ; -0.049     ; 1.866      ;
; -0.925 ; fifo:u_fifo_tx|fifo_cnt[0]                                                                            ; fifo:u_fifo_tx|fifo_cnt[3]                                                                           ; clk_i        ; clk_i       ; 1.000        ; -0.042     ; 1.870      ;
; -0.921 ; fifo:u_fifo_tx|fifo_cnt[0]                                                                            ; fifo:u_fifo_tx|fifo_cnt[2]                                                                           ; clk_i        ; clk_i       ; 1.000        ; -0.042     ; 1.866      ;
; -0.918 ; fifo:u_fifo_tx|fifo_cnt[3]                                                                            ; fifo:u_fifo_tx|fifo_cnt[4]                                                                           ; clk_i        ; clk_i       ; 1.000        ; -0.042     ; 1.863      ;
; -0.917 ; fifo:u_fifo_rx|memory_rtl_0_bypass[3]                                                                 ; fifo:u_fifo_tx|memory_rtl_0_bypass[10]                                                               ; clk_i        ; clk_i       ; 1.000        ; -0.249     ; 1.655      ;
; -0.917 ; fifo:u_fifo_rx|memory_rtl_0_bypass[3]                                                                 ; fifo:u_fifo_tx|memory~5                                                                              ; clk_i        ; clk_i       ; 1.000        ; -0.249     ; 1.655      ;
; -0.913 ; fifo:u_fifo_tx|memory_rtl_0_bypass[5]                                                                 ; uart_tx:u_uart_tx|b_reg[6]                                                                           ; clk_i        ; clk_i       ; 1.000        ; 0.155      ; 2.055      ;
; -0.913 ; fifo:u_fifo_tx|memory_rtl_0_bypass[3]                                                                 ; uart_tx:u_uart_tx|b_reg[1]                                                                           ; clk_i        ; clk_i       ; 1.000        ; 0.155      ; 2.055      ;
; -0.912 ; fifo:u_fifo_tx|memory_rtl_0_bypass[7]                                                                 ; uart_tx:u_uart_tx|b_reg[1]                                                                           ; clk_i        ; clk_i       ; 1.000        ; 0.155      ; 2.054      ;
; -0.910 ; fifo:u_fifo_tx|memory_rtl_0_bypass[2]                                                                 ; uart_tx:u_uart_tx|b_reg[1]                                                                           ; clk_i        ; clk_i       ; 1.000        ; 0.155      ; 2.052      ;
; -0.907 ; fifo:u_fifo_rx|memory_rtl_0_bypass[1]                                                                 ; fifo:u_fifo_tx|memory_rtl_0_bypass[10]                                                               ; clk_i        ; clk_i       ; 1.000        ; -0.249     ; 1.645      ;
; -0.907 ; fifo:u_fifo_rx|memory_rtl_0_bypass[1]                                                                 ; fifo:u_fifo_tx|memory~5                                                                              ; clk_i        ; clk_i       ; 1.000        ; -0.249     ; 1.645      ;
; -0.903 ; fifo:u_fifo_rx|r_ptr[3]                                                                               ; fifo:u_fifo_tx|memory~1                                                                              ; clk_i        ; clk_i       ; 1.000        ; -0.080     ; 1.810      ;
; -0.903 ; fifo:u_fifo_rx|r_ptr[3]                                                                               ; fifo:u_fifo_tx|memory~3                                                                              ; clk_i        ; clk_i       ; 1.000        ; -0.080     ; 1.810      ;
; -0.903 ; fifo:u_fifo_rx|r_ptr[3]                                                                               ; fifo:u_fifo_tx|memory~4                                                                              ; clk_i        ; clk_i       ; 1.000        ; -0.080     ; 1.810      ;
; -0.903 ; fifo:u_fifo_rx|r_ptr[3]                                                                               ; fifo:u_fifo_tx|memory~6                                                                              ; clk_i        ; clk_i       ; 1.000        ; -0.080     ; 1.810      ;
; -0.903 ; fifo:u_fifo_rx|fifo_cnt[0]                                                                            ; fifo:u_fifo_tx|memory~1                                                                              ; clk_i        ; clk_i       ; 1.000        ; 0.136      ; 2.026      ;
; -0.903 ; fifo:u_fifo_rx|fifo_cnt[0]                                                                            ; fifo:u_fifo_tx|memory~3                                                                              ; clk_i        ; clk_i       ; 1.000        ; 0.136      ; 2.026      ;
; -0.903 ; fifo:u_fifo_rx|fifo_cnt[0]                                                                            ; fifo:u_fifo_tx|memory~4                                                                              ; clk_i        ; clk_i       ; 1.000        ; 0.136      ; 2.026      ;
; -0.903 ; fifo:u_fifo_rx|fifo_cnt[0]                                                                            ; fifo:u_fifo_tx|memory~6                                                                              ; clk_i        ; clk_i       ; 1.000        ; 0.136      ; 2.026      ;
; -0.902 ; fifo:u_fifo_rx|fifo_cnt[3]                                                                            ; fifo:u_fifo_tx|memory~1                                                                              ; clk_i        ; clk_i       ; 1.000        ; 0.136      ; 2.025      ;
; -0.902 ; fifo:u_fifo_rx|fifo_cnt[3]                                                                            ; fifo:u_fifo_tx|memory~3                                                                              ; clk_i        ; clk_i       ; 1.000        ; 0.136      ; 2.025      ;
; -0.902 ; fifo:u_fifo_rx|fifo_cnt[3]                                                                            ; fifo:u_fifo_tx|memory~4                                                                              ; clk_i        ; clk_i       ; 1.000        ; 0.136      ; 2.025      ;
; -0.902 ; fifo:u_fifo_rx|fifo_cnt[3]                                                                            ; fifo:u_fifo_tx|memory~6                                                                              ; clk_i        ; clk_i       ; 1.000        ; 0.136      ; 2.025      ;
; -0.899 ; fifo:u_fifo_rx|memory_rtl_0_bypass[3]                                                                 ; fifo:u_fifo_tx|memory~7                                                                              ; clk_i        ; clk_i       ; 1.000        ; -0.249     ; 1.637      ;
; -0.896 ; fifo:u_fifo_rx|fifo_cnt[0]                                                                            ; fifo:u_fifo_rx|memory~1                                                                              ; clk_i        ; clk_i       ; 1.000        ; -0.049     ; 1.834      ;
; -0.896 ; fifo:u_fifo_rx|fifo_cnt[0]                                                                            ; fifo:u_fifo_rx|memory~6                                                                              ; clk_i        ; clk_i       ; 1.000        ; -0.049     ; 1.834      ;
; -0.896 ; fifo:u_fifo_rx|fifo_cnt[0]                                                                            ; fifo:u_fifo_rx|memory~4                                                                              ; clk_i        ; clk_i       ; 1.000        ; -0.049     ; 1.834      ;
; -0.896 ; fifo:u_fifo_rx|fifo_cnt[0]                                                                            ; fifo:u_fifo_rx|memory~3                                                                              ; clk_i        ; clk_i       ; 1.000        ; -0.049     ; 1.834      ;
; -0.895 ; fifo:u_fifo_rx|fifo_cnt[3]                                                                            ; fifo:u_fifo_rx|memory~1                                                                              ; clk_i        ; clk_i       ; 1.000        ; -0.049     ; 1.833      ;
; -0.895 ; fifo:u_fifo_rx|fifo_cnt[3]                                                                            ; fifo:u_fifo_rx|memory~6                                                                              ; clk_i        ; clk_i       ; 1.000        ; -0.049     ; 1.833      ;
+--------+-------------------------------------------------------------------------------------------------------+------------------------------------------------------------------------------------------------------+--------------+-------------+--------------+------------+------------+


+-------------------------------------------------------------------------------------------------------------------------------------------------------------------------------------------------------------------------------------------+
; Fast 1200mV 0C Model Hold: 'clk_i'                                                                                                                                                                                                        ;
+-------+-----------------------------------------------------+-------------------------------------------------------------------------------------------------------+--------------+-------------+--------------+------------+------------+
; Slack ; From Node                                           ; To Node                                                                                               ; Launch Clock ; Latch Clock ; Relationship ; Clock Skew ; Data Delay ;
+-------+-----------------------------------------------------+-------------------------------------------------------------------------------------------------------+--------------+-------------+--------------+------------+------------+
; 0.136 ; uart_rx:u_uart_rx|data_o[1]                         ; fifo:u_fifo_rx|altsyncram:memory_rtl_0|altsyncram_5pd1:auto_generated|ram_block1a0~porta_datain_reg0  ; clk_i        ; clk_i       ; 0.000        ; 0.226      ; 0.466      ;
; 0.142 ; uart_rx:u_uart_rx|data_o[5]                         ; fifo:u_fifo_rx|altsyncram:memory_rtl_0|altsyncram_5pd1:auto_generated|ram_block1a0~porta_datain_reg0  ; clk_i        ; clk_i       ; 0.000        ; 0.226      ; 0.472      ;
; 0.146 ; uart_rx:u_uart_rx|data_o[6]                         ; fifo:u_fifo_rx|altsyncram:memory_rtl_0|altsyncram_5pd1:auto_generated|ram_block1a0~porta_datain_reg0  ; clk_i        ; clk_i       ; 0.000        ; 0.226      ; 0.476      ;
; 0.148 ; uart_rx:u_uart_rx|data_o[7]                         ; fifo:u_fifo_rx|altsyncram:memory_rtl_0|altsyncram_5pd1:auto_generated|ram_block1a0~porta_datain_reg0  ; clk_i        ; clk_i       ; 0.000        ; 0.226      ; 0.478      ;
; 0.150 ; uart_rx:u_uart_rx|data_o[4]                         ; fifo:u_fifo_rx|altsyncram:memory_rtl_0|altsyncram_5pd1:auto_generated|ram_block1a0~porta_datain_reg0  ; clk_i        ; clk_i       ; 0.000        ; 0.226      ; 0.480      ;
; 0.152 ; fifo:u_fifo_rx|w_ptr[1]                             ; fifo:u_fifo_rx|altsyncram:memory_rtl_0|altsyncram_5pd1:auto_generated|ram_block1a0~porta_address_reg0 ; clk_i        ; clk_i       ; 0.000        ; 0.224      ; 0.480      ;
; 0.154 ; fifo:u_fifo_tx|r_ptr[3]                             ; fifo:u_fifo_tx|altsyncram:memory_rtl_0|altsyncram_5pd1:auto_generated|ram_block1a0~portb_address_reg0 ; clk_i        ; clk_i       ; 0.000        ; 0.229      ; 0.487      ;
; 0.156 ; uart_rx:u_uart_rx|data_o[0]                         ; fifo:u_fifo_rx|altsyncram:memory_rtl_0|altsyncram_5pd1:auto_generated|ram_block1a0~porta_datain_reg0  ; clk_i        ; clk_i       ; 0.000        ; 0.226      ; 0.486      ;
; 0.156 ; uart_rx:u_uart_rx|data_o[2]                         ; fifo:u_fifo_rx|altsyncram:memory_rtl_0|altsyncram_5pd1:auto_generated|ram_block1a0~porta_datain_reg0  ; clk_i        ; clk_i       ; 0.000        ; 0.226      ; 0.486      ;
; 0.158 ; fifo:u_fifo_rx|w_ptr[3]                             ; fifo:u_fifo_rx|altsyncram:memory_rtl_0|altsyncram_5pd1:auto_generated|ram_block1a0~porta_address_reg0 ; clk_i        ; clk_i       ; 0.000        ; 0.224      ; 0.486      ;
; 0.165 ; fifo:u_fifo_tx|r_ptr[2]                             ; fifo:u_fifo_tx|altsyncram:memory_rtl_0|altsyncram_5pd1:auto_generated|ram_block1a0~portb_address_reg0 ; clk_i        ; clk_i       ; 0.000        ; 0.229      ; 0.498      ;
; 0.167 ; uart_rx:u_uart_rx|data_o[3]                         ; fifo:u_fifo_rx|altsyncram:memory_rtl_0|altsyncram_5pd1:auto_generated|ram_block1a0~porta_datain_reg0  ; clk_i        ; clk_i       ; 0.000        ; 0.226      ; 0.497      ;
; 0.172 ; fifo:u_fifo_tx|r_ptr[1]                             ; fifo:u_fifo_tx|altsyncram:memory_rtl_0|altsyncram_5pd1:auto_generated|ram_block1a0~portb_address_reg0 ; clk_i        ; clk_i       ; 0.000        ; 0.229      ; 0.505      ;
; 0.173 ; uart_tx:u_uart_tx|b_reg[7]                          ; uart_tx:u_uart_tx|b_reg[7]                                                                            ; clk_i        ; clk_i       ; 0.000        ; 0.050      ; 0.307      ;
; 0.174 ; fifo:u_fifo_rx|w_ptr[2]                             ; fifo:u_fifo_rx|altsyncram:memory_rtl_0|altsyncram_5pd1:auto_generated|ram_block1a0~porta_address_reg0 ; clk_i        ; clk_i       ; 0.000        ; 0.224      ; 0.502      ;
; 0.180 ; fifo:u_fifo_tx|w_ptr[0]                             ; fifo:u_fifo_tx|w_ptr[0]                                                                               ; clk_i        ; clk_i       ; 0.000        ; 0.050      ; 0.314      ;
; 0.181 ; fifo:u_fifo_rx|w_ptr[0]                             ; fifo:u_fifo_rx|memory_rtl_0_bypass[1]                                                                 ; clk_i        ; clk_i       ; 0.000        ; 0.245      ; 0.510      ;
; 0.181 ; fifo:u_fifo_rx|w_ptr[0]                             ; fifo:u_fifo_rx|w_ptr[0]                                                                               ; clk_i        ; clk_i       ; 0.000        ; 0.042      ; 0.307      ;
; 0.182 ; fifo:u_fifo_tx|r_ptr[3]                             ; fifo:u_fifo_tx|r_ptr[3]                                                                               ; clk_i        ; clk_i       ; 0.000        ; 0.041      ; 0.307      ;
; 0.182 ; fifo:u_fifo_rx|w_ptr[3]                             ; fifo:u_fifo_rx|w_ptr[3]                                                                               ; clk_i        ; clk_i       ; 0.000        ; 0.041      ; 0.307      ;
; 0.182 ; fifo:u_fifo_rx|w_ptr[2]                             ; fifo:u_fifo_rx|w_ptr[2]                                                                               ; clk_i        ; clk_i       ; 0.000        ; 0.041      ; 0.307      ;
; 0.182 ; tx_controller:u_tx_controller|uart_ready            ; tx_controller:u_tx_controller|uart_ready                                                              ; clk_i        ; clk_i       ; 0.000        ; 0.041      ; 0.307      ;
; 0.182 ; uart_tx:u_uart_tx|tick_cnt[2]                       ; uart_tx:u_uart_tx|tick_cnt[2]                                                                         ; clk_i        ; clk_i       ; 0.000        ; 0.041      ; 0.307      ;
; 0.182 ; uart_tx:u_uart_tx|tick_cnt[0]                       ; uart_tx:u_uart_tx|tick_cnt[0]                                                                         ; clk_i        ; clk_i       ; 0.000        ; 0.041      ; 0.307      ;
; 0.182 ; uart_tx:u_uart_tx|tick_cnt[1]                       ; uart_tx:u_uart_tx|tick_cnt[1]                                                                         ; clk_i        ; clk_i       ; 0.000        ; 0.041      ; 0.307      ;
; 0.182 ; uart_tx:u_uart_tx|tick_cnt[3]                       ; uart_tx:u_uart_tx|tick_cnt[3]                                                                         ; clk_i        ; clk_i       ; 0.000        ; 0.041      ; 0.307      ;
; 0.182 ; uart_tx:u_uart_tx|state.DATA                        ; uart_tx:u_uart_tx|state.DATA                                                                          ; clk_i        ; clk_i       ; 0.000        ; 0.041      ; 0.307      ;
; 0.182 ; uart_tx:u_uart_tx|state.IDLE                        ; uart_tx:u_uart_tx|state.IDLE                                                                          ; clk_i        ; clk_i       ; 0.000        ; 0.041      ; 0.307      ;
; 0.182 ; uart_tx:u_uart_tx|state.START                       ; uart_tx:u_uart_tx|state.START                                                                         ; clk_i        ; clk_i       ; 0.000        ; 0.041      ; 0.307      ;
; 0.182 ; uart_tx:u_uart_tx|state.STOP                        ; uart_tx:u_uart_tx|state.STOP                                                                          ; clk_i        ; clk_i       ; 0.000        ; 0.041      ; 0.307      ;
; 0.182 ; uart_rx:u_uart_rx|tick_cnt[3]                       ; uart_rx:u_uart_rx|tick_cnt[3]                                                                         ; clk_i        ; clk_i       ; 0.000        ; 0.041      ; 0.307      ;
; 0.182 ; uart_rx:u_uart_rx|tick_cnt[2]                       ; uart_rx:u_uart_rx|tick_cnt[2]                                                                         ; clk_i        ; clk_i       ; 0.000        ; 0.041      ; 0.307      ;
; 0.182 ; uart_rx:u_uart_rx|tick_cnt[1]                       ; uart_rx:u_uart_rx|tick_cnt[1]                                                                         ; clk_i        ; clk_i       ; 0.000        ; 0.041      ; 0.307      ;
; 0.182 ; uart_rx:u_uart_rx|tick_cnt[0]                       ; uart_rx:u_uart_rx|tick_cnt[0]                                                                         ; clk_i        ; clk_i       ; 0.000        ; 0.041      ; 0.307      ;
; 0.182 ; uart_rx:u_uart_rx|state.START                       ; uart_rx:u_uart_rx|state.START                                                                         ; clk_i        ; clk_i       ; 0.000        ; 0.041      ; 0.307      ;
; 0.182 ; uart_rx:u_uart_rx|state.DATA                        ; uart_rx:u_uart_rx|state.DATA                                                                          ; clk_i        ; clk_i       ; 0.000        ; 0.041      ; 0.307      ;
; 0.182 ; uart_rx:u_uart_rx|state.STOP                        ; uart_rx:u_uart_rx|state.STOP                                                                          ; clk_i        ; clk_i       ; 0.000        ; 0.041      ; 0.307      ;
; 0.182 ; uart_rx:u_uart_rx|bit_cnt[2]                        ; uart_rx:u_uart_rx|bit_cnt[2]                                                                          ; clk_i        ; clk_i       ; 0.000        ; 0.041      ; 0.307      ;
; 0.182 ; uart_rx:u_uart_rx|bit_cnt[0]                        ; uart_rx:u_uart_rx|bit_cnt[0]                                                                          ; clk_i        ; clk_i       ; 0.000        ; 0.041      ; 0.307      ;
; 0.182 ; uart_rx:u_uart_rx|bit_cnt[1]                        ; uart_rx:u_uart_rx|bit_cnt[1]                                                                          ; clk_i        ; clk_i       ; 0.000        ; 0.041      ; 0.307      ;
; 0.182 ; baud_gen:u_baud_gen|count[0]                        ; baud_gen:u_baud_gen|count[0]                                                                          ; clk_i        ; clk_i       ; 0.000        ; 0.041      ; 0.307      ;
; 0.183 ; uart_tx:u_uart_tx|bit_cnt[0]                        ; uart_tx:u_uart_tx|bit_cnt[0]                                                                          ; clk_i        ; clk_i       ; 0.000        ; 0.040      ; 0.307      ;
; 0.183 ; uart_tx:u_uart_tx|bit_cnt[2]                        ; uart_tx:u_uart_tx|bit_cnt[2]                                                                          ; clk_i        ; clk_i       ; 0.000        ; 0.040      ; 0.307      ;
; 0.183 ; uart_tx:u_uart_tx|bit_cnt[1]                        ; uart_tx:u_uart_tx|bit_cnt[1]                                                                          ; clk_i        ; clk_i       ; 0.000        ; 0.040      ; 0.307      ;
; 0.189 ; fifo:u_fifo_tx|r_ptr[0]                             ; fifo:u_fifo_tx|r_ptr[0]                                                                               ; clk_i        ; clk_i       ; 0.000        ; 0.041      ; 0.314      ;
; 0.191 ; uart_rx:u_uart_rx|b_reg[0]                          ; uart_rx:u_uart_rx|data_o[0]                                                                           ; clk_i        ; clk_i       ; 0.000        ; 0.042      ; 0.317      ;
; 0.191 ; uart_rx:u_uart_rx|b_reg[1]                          ; uart_rx:u_uart_rx|data_o[1]                                                                           ; clk_i        ; clk_i       ; 0.000        ; 0.042      ; 0.317      ;
; 0.191 ; uart_rx:u_uart_rx|b_reg[4]                          ; uart_rx:u_uart_rx|data_o[4]                                                                           ; clk_i        ; clk_i       ; 0.000        ; 0.042      ; 0.317      ;
; 0.192 ; uart_rx:u_uart_rx|b_reg[2]                          ; uart_rx:u_uart_rx|b_reg[1]                                                                            ; clk_i        ; clk_i       ; 0.000        ; 0.042      ; 0.318      ;
; 0.192 ; uart_rx:u_uart_rx|b_reg[2]                          ; uart_rx:u_uart_rx|data_o[2]                                                                           ; clk_i        ; clk_i       ; 0.000        ; 0.042      ; 0.318      ;
; 0.192 ; uart_rx:u_uart_rx|b_reg[4]                          ; uart_rx:u_uart_rx|b_reg[3]                                                                            ; clk_i        ; clk_i       ; 0.000        ; 0.042      ; 0.318      ;
; 0.193 ; uart_rx:u_uart_rx|b_reg[1]                          ; uart_rx:u_uart_rx|b_reg[0]                                                                            ; clk_i        ; clk_i       ; 0.000        ; 0.042      ; 0.319      ;
; 0.193 ; fifo:u_fifo_tx|r_ptr[2]                             ; fifo:u_fifo_tx|r_ptr[3]                                                                               ; clk_i        ; clk_i       ; 0.000        ; 0.041      ; 0.318      ;
; 0.196 ; fifo:u_fifo_tx|r_ptr[0]                             ; fifo:u_fifo_tx|altsyncram:memory_rtl_0|altsyncram_5pd1:auto_generated|ram_block1a0~portb_address_reg0 ; clk_i        ; clk_i       ; 0.000        ; 0.229      ; 0.529      ;
; 0.199 ; tx_controller:u_tx_controller|state.STATE_IDLE      ; tx_controller:u_tx_controller|state.STATE_READ_FIFO                                                   ; clk_i        ; clk_i       ; 0.000        ; 0.041      ; 0.324      ;
; 0.201 ; uart_rx:u_uart_rx|tick_cnt[0]                       ; uart_rx:u_uart_rx|tick_cnt[1]                                                                         ; clk_i        ; clk_i       ; 0.000        ; 0.041      ; 0.326      ;
; 0.207 ; fifo:u_fifo_tx|memory~2                             ; uart_tx:u_uart_tx|b_reg[1]                                                                            ; clk_i        ; clk_i       ; 0.000        ; 0.247      ; 0.538      ;
; 0.210 ; fifo:u_fifo_tx|r_ptr[0]                             ; fifo:u_fifo_tx|memory_rtl_0_bypass[2]                                                                 ; clk_i        ; clk_i       ; 0.000        ; 0.041      ; 0.335      ;
; 0.212 ; tx_controller:u_tx_controller|uart_start_o          ; tx_controller:u_tx_controller|uart_ready                                                              ; clk_i        ; clk_i       ; 0.000        ; 0.041      ; 0.337      ;
; 0.213 ; fifo:u_fifo_tx|w_ptr[0]                             ; fifo:u_fifo_rx|memory_rtl_0_bypass[2]                                                                 ; clk_i        ; clk_i       ; 0.000        ; 0.050      ; 0.347      ;
; 0.217 ; fifo:u_fifo_rx|w_ptr[3]                             ; fifo:u_fifo_rx|memory_rtl_0_bypass[7]                                                                 ; clk_i        ; clk_i       ; 0.000        ; 0.249      ; 0.550      ;
; 0.219 ; fifo:u_fifo_rx|fifo_cnt[4]                          ; fifo:u_fifo_rx|fifo_cnt[4]                                                                            ; clk_i        ; clk_i       ; 0.000        ; 0.042      ; 0.345      ;
; 0.224 ; fifo:u_fifo_tx|memory~4                             ; uart_tx:u_uart_tx|b_reg[3]                                                                            ; clk_i        ; clk_i       ; 0.000        ; 0.065      ; 0.373      ;
; 0.225 ; fifo:u_fifo_tx|memory~6                             ; uart_tx:u_uart_tx|b_reg[5]                                                                            ; clk_i        ; clk_i       ; 0.000        ; 0.065      ; 0.374      ;
; 0.239 ; uart_tx:u_uart_tx|b_reg[5]                          ; uart_tx:u_uart_tx|b_reg[4]                                                                            ; clk_i        ; clk_i       ; 0.000        ; 0.050      ; 0.373      ;
; 0.251 ; fifo:u_fifo_rx|memory_rtl_0_bypass[15]              ; fifo:u_fifo_tx|memory_rtl_0_bypass[15]                                                                ; clk_i        ; clk_i       ; 0.000        ; 0.041      ; 0.376      ;
; 0.259 ; uart_tx:u_uart_tx|state.STOP                        ; uart_tx:u_uart_tx|tx_o                                                                                ; clk_i        ; clk_i       ; 0.000        ; 0.041      ; 0.384      ;
; 0.264 ; tx_controller:u_tx_controller|state.STATE_READ_FIFO ; tx_controller:u_tx_controller|fifo_rd_o                                                               ; clk_i        ; clk_i       ; 0.000        ; 0.041      ; 0.389      ;
; 0.265 ; uart_rx:u_uart_rx|b_reg[5]                          ; uart_rx:u_uart_rx|data_o[5]                                                                           ; clk_i        ; clk_i       ; 0.000        ; 0.042      ; 0.391      ;
; 0.265 ; uart_rx:u_uart_rx|b_reg[6]                          ; uart_rx:u_uart_rx|data_o[6]                                                                           ; clk_i        ; clk_i       ; 0.000        ; 0.042      ; 0.391      ;
; 0.266 ; uart_rx:u_uart_rx|b_reg[5]                          ; uart_rx:u_uart_rx|b_reg[4]                                                                            ; clk_i        ; clk_i       ; 0.000        ; 0.042      ; 0.392      ;
; 0.266 ; uart_rx:u_uart_rx|b_reg[6]                          ; uart_rx:u_uart_rx|b_reg[5]                                                                            ; clk_i        ; clk_i       ; 0.000        ; 0.042      ; 0.392      ;
; 0.268 ; uart_rx:u_uart_rx|b_reg[3]                          ; uart_rx:u_uart_rx|data_o[3]                                                                           ; clk_i        ; clk_i       ; 0.000        ; 0.042      ; 0.394      ;
; 0.269 ; uart_rx:u_uart_rx|b_reg[3]                          ; uart_rx:u_uart_rx|b_reg[2]                                                                            ; clk_i        ; clk_i       ; 0.000        ; 0.042      ; 0.395      ;
; 0.281 ; fifo:u_fifo_rx|w_ptr[2]                             ; fifo:u_fifo_rx|memory_rtl_0_bypass[5]                                                                 ; clk_i        ; clk_i       ; 0.000        ; 0.249      ; 0.614      ;
; 0.288 ; fifo:u_fifo_rx|w_ptr[1]                             ; fifo:u_fifo_rx|memory_rtl_0_bypass[3]                                                                 ; clk_i        ; clk_i       ; 0.000        ; 0.249      ; 0.621      ;
; 0.289 ; uart_tx:u_uart_tx|b_reg[1]                          ; uart_tx:u_uart_tx|b_reg[0]                                                                            ; clk_i        ; clk_i       ; 0.000        ; 0.050      ; 0.423      ;
; 0.290 ; fifo:u_fifo_rx|memory_rtl_0_bypass[9]               ; fifo:u_fifo_tx|memory_rtl_0_bypass[9]                                                                 ; clk_i        ; clk_i       ; 0.000        ; 0.042      ; 0.416      ;
; 0.290 ; fifo:u_fifo_rx|memory_rtl_0_bypass[11]              ; fifo:u_fifo_tx|memory_rtl_0_bypass[11]                                                                ; clk_i        ; clk_i       ; 0.000        ; 0.042      ; 0.416      ;
; 0.292 ; baud_gen:u_baud_gen|count[3]                        ; baud_gen:u_baud_gen|count[3]                                                                          ; clk_i        ; clk_i       ; 0.000        ; 0.041      ; 0.417      ;
; 0.293 ; fifo:u_fifo_rx|memory_rtl_0_bypass[12]              ; fifo:u_fifo_tx|memory_rtl_0_bypass[12]                                                                ; clk_i        ; clk_i       ; 0.000        ; 0.042      ; 0.419      ;
; 0.293 ; baud_gen:u_baud_gen|count[5]                        ; baud_gen:u_baud_gen|count[5]                                                                          ; clk_i        ; clk_i       ; 0.000        ; 0.041      ; 0.418      ;
; 0.294 ; baud_gen:u_baud_gen|count[7]                        ; baud_gen:u_baud_gen|count[7]                                                                          ; clk_i        ; clk_i       ; 0.000        ; 0.041      ; 0.419      ;
; 0.294 ; baud_gen:u_baud_gen|count[1]                        ; baud_gen:u_baud_gen|count[1]                                                                          ; clk_i        ; clk_i       ; 0.000        ; 0.041      ; 0.419      ;
; 0.295 ; baud_gen:u_baud_gen|count[4]                        ; baud_gen:u_baud_gen|count[4]                                                                          ; clk_i        ; clk_i       ; 0.000        ; 0.041      ; 0.420      ;
; 0.298 ; fifo:u_fifo_tx|fifo_cnt[2]                          ; fifo:u_fifo_tx|fifo_cnt[2]                                                                            ; clk_i        ; clk_i       ; 0.000        ; 0.042      ; 0.424      ;
; 0.298 ; fifo:u_fifo_tx|r_ptr[1]                             ; fifo:u_fifo_tx|r_ptr[3]                                                                               ; clk_i        ; clk_i       ; 0.000        ; 0.041      ; 0.423      ;
; 0.299 ; fifo:u_fifo_tx|fifo_cnt[3]                          ; fifo:u_fifo_tx|fifo_cnt[3]                                                                            ; clk_i        ; clk_i       ; 0.000        ; 0.042      ; 0.425      ;
; 0.299 ; fifo:u_fifo_tx|fifo_cnt[1]                          ; fifo:u_fifo_tx|fifo_cnt[1]                                                                            ; clk_i        ; clk_i       ; 0.000        ; 0.042      ; 0.425      ;
; 0.303 ; fifo:u_fifo_rx|w_ptr[0]                             ; fifo:u_fifo_rx|altsyncram:memory_rtl_0|altsyncram_5pd1:auto_generated|ram_block1a0~porta_address_reg0 ; clk_i        ; clk_i       ; 0.000        ; 0.220      ; 0.627      ;
; 0.304 ; uart_tx:u_uart_tx|tick_cnt[0]                       ; uart_tx:u_uart_tx|tick_cnt[1]                                                                         ; clk_i        ; clk_i       ; 0.000        ; 0.041      ; 0.429      ;
; 0.305 ; fifo:u_fifo_rx|fifo_cnt[3]                          ; fifo:u_fifo_rx|fifo_cnt[3]                                                                            ; clk_i        ; clk_i       ; 0.000        ; 0.042      ; 0.431      ;
; 0.305 ; fifo:u_fifo_rx|w_ptr[2]                             ; fifo:u_fifo_rx|w_ptr[3]                                                                               ; clk_i        ; clk_i       ; 0.000        ; 0.041      ; 0.430      ;
; 0.306 ; fifo:u_fifo_rx|fifo_cnt[2]                          ; fifo:u_fifo_rx|fifo_cnt[2]                                                                            ; clk_i        ; clk_i       ; 0.000        ; 0.042      ; 0.432      ;
; 0.308 ; fifo:u_fifo_tx|r_ptr[0]                             ; fifo:u_fifo_tx|r_ptr[3]                                                                               ; clk_i        ; clk_i       ; 0.000        ; 0.041      ; 0.433      ;
; 0.311 ; fifo:u_fifo_tx|fifo_cnt[0]                          ; fifo:u_fifo_tx|fifo_cnt[0]                                                                            ; clk_i        ; clk_i       ; 0.000        ; 0.042      ; 0.437      ;
; 0.315 ; baud_gen:u_baud_gen|count[0]                        ; baud_gen:u_baud_gen|count[2]                                                                          ; clk_i        ; clk_i       ; 0.000        ; 0.041      ; 0.440      ;
; 0.315 ; baud_gen:u_baud_gen|count[0]                        ; baud_gen:u_baud_gen|count[6]                                                                          ; clk_i        ; clk_i       ; 0.000        ; 0.041      ; 0.440      ;
; 0.316 ; baud_gen:u_baud_gen|count[0]                        ; baud_gen:u_baud_gen|count[8]                                                                          ; clk_i        ; clk_i       ; 0.000        ; 0.041      ; 0.441      ;
; 0.319 ; baud_gen:u_baud_gen|count[0]                        ; baud_gen:u_baud_gen|s_tick_o                                                                          ; clk_i        ; clk_i       ; 0.000        ; 0.041      ; 0.444      ;
+-------+-----------------------------------------------------+-------------------------------------------------------------------------------------------------------+--------------+-------------+--------------+------------+------------+


+----------------------------------------------------------------------------------------------------------------------------------------------------------------------------------+
; Fast 1200mV 0C Model Minimum Pulse Width: 'clk_i'                                                                                                                                ;
+--------+--------------+----------------+------------+-------+------------+-------------------------------------------------------------------------------------------------------+
; Slack  ; Actual Width ; Required Width ; Type       ; Clock ; Clock Edge ; Target                                                                                                ;
+--------+--------------+----------------+------------+-------+------------+-------------------------------------------------------------------------------------------------------+
; -3.000 ; 1.000        ; 4.000          ; Port Rate  ; clk_i ; Rise       ; clk_i                                                                                                 ;
; -1.000 ; 1.000        ; 2.000          ; Min Period ; clk_i ; Rise       ; baud_gen:u_baud_gen|count[0]                                                                          ;
; -1.000 ; 1.000        ; 2.000          ; Min Period ; clk_i ; Rise       ; baud_gen:u_baud_gen|count[1]                                                                          ;
; -1.000 ; 1.000        ; 2.000          ; Min Period ; clk_i ; Rise       ; baud_gen:u_baud_gen|count[2]                                                                          ;
; -1.000 ; 1.000        ; 2.000          ; Min Period ; clk_i ; Rise       ; baud_gen:u_baud_gen|count[3]                                                                          ;
; -1.000 ; 1.000        ; 2.000          ; Min Period ; clk_i ; Rise       ; baud_gen:u_baud_gen|count[4]                                                                          ;
; -1.000 ; 1.000        ; 2.000          ; Min Period ; clk_i ; Rise       ; baud_gen:u_baud_gen|count[5]                                                                          ;
; -1.000 ; 1.000        ; 2.000          ; Min Period ; clk_i ; Rise       ; baud_gen:u_baud_gen|count[6]                                                                          ;
; -1.000 ; 1.000        ; 2.000          ; Min Period ; clk_i ; Rise       ; baud_gen:u_baud_gen|count[7]                                                                          ;
; -1.000 ; 1.000        ; 2.000          ; Min Period ; clk_i ; Rise       ; baud_gen:u_baud_gen|count[8]                                                                          ;
; -1.000 ; 1.000        ; 2.000          ; Min Period ; clk_i ; Rise       ; baud_gen:u_baud_gen|s_tick_o                                                                          ;
; -1.000 ; 1.000        ; 2.000          ; Min Period ; clk_i ; Rise       ; fifo:u_fifo_rx|altsyncram:memory_rtl_0|altsyncram_5pd1:auto_generated|ram_block1a0~porta_address_reg0 ;
; -1.000 ; 1.000        ; 2.000          ; Min Period ; clk_i ; Rise       ; fifo:u_fifo_rx|altsyncram:memory_rtl_0|altsyncram_5pd1:auto_generated|ram_block1a0~porta_datain_reg0  ;
; -1.000 ; 1.000        ; 2.000          ; Min Period ; clk_i ; Rise       ; fifo:u_fifo_rx|altsyncram:memory_rtl_0|altsyncram_5pd1:auto_generated|ram_block1a0~porta_we_reg       ;
; -1.000 ; 1.000        ; 2.000          ; Min Period ; clk_i ; Rise       ; fifo:u_fifo_rx|altsyncram:memory_rtl_0|altsyncram_5pd1:auto_generated|ram_block1a0~portb_address_reg0 ;
; -1.000 ; 1.000        ; 2.000          ; Min Period ; clk_i ; Rise       ; fifo:u_fifo_rx|fifo_cnt[0]                                                                            ;
; -1.000 ; 1.000        ; 2.000          ; Min Period ; clk_i ; Rise       ; fifo:u_fifo_rx|fifo_cnt[1]                                                                            ;
; -1.000 ; 1.000        ; 2.000          ; Min Period ; clk_i ; Rise       ; fifo:u_fifo_rx|fifo_cnt[2]                                                                            ;
; -1.000 ; 1.000        ; 2.000          ; Min Period ; clk_i ; Rise       ; fifo:u_fifo_rx|fifo_cnt[3]                                                                            ;
; -1.000 ; 1.000        ; 2.000          ; Min Period ; clk_i ; Rise       ; fifo:u_fifo_rx|fifo_cnt[4]                                                                            ;
; -1.000 ; 1.000        ; 2.000          ; Min Period ; clk_i ; Rise       ; fifo:u_fifo_rx|memory_rtl_0_bypass[0]                                                                 ;
; -1.000 ; 1.000        ; 2.000          ; Min Period ; clk_i ; Rise       ; fifo:u_fifo_rx|memory_rtl_0_bypass[10]                                                                ;
; -1.000 ; 1.000        ; 2.000          ; Min Period ; clk_i ; Rise       ; fifo:u_fifo_rx|memory_rtl_0_bypass[11]                                                                ;
; -1.000 ; 1.000        ; 2.000          ; Min Period ; clk_i ; Rise       ; fifo:u_fifo_rx|memory_rtl_0_bypass[12]                                                                ;
; -1.000 ; 1.000        ; 2.000          ; Min Period ; clk_i ; Rise       ; fifo:u_fifo_rx|memory_rtl_0_bypass[13]                                                                ;
; -1.000 ; 1.000        ; 2.000          ; Min Period ; clk_i ; Rise       ; fifo:u_fifo_rx|memory_rtl_0_bypass[14]                                                                ;
; -1.000 ; 1.000        ; 2.000          ; Min Period ; clk_i ; Rise       ; fifo:u_fifo_rx|memory_rtl_0_bypass[15]                                                                ;
; -1.000 ; 1.000        ; 2.000          ; Min Period ; clk_i ; Rise       ; fifo:u_fifo_rx|memory_rtl_0_bypass[16]                                                                ;
; -1.000 ; 1.000        ; 2.000          ; Min Period ; clk_i ; Rise       ; fifo:u_fifo_rx|memory_rtl_0_bypass[1]                                                                 ;
; -1.000 ; 1.000        ; 2.000          ; Min Period ; clk_i ; Rise       ; fifo:u_fifo_rx|memory_rtl_0_bypass[2]                                                                 ;
; -1.000 ; 1.000        ; 2.000          ; Min Period ; clk_i ; Rise       ; fifo:u_fifo_rx|memory_rtl_0_bypass[3]                                                                 ;
; -1.000 ; 1.000        ; 2.000          ; Min Period ; clk_i ; Rise       ; fifo:u_fifo_rx|memory_rtl_0_bypass[4]                                                                 ;
; -1.000 ; 1.000        ; 2.000          ; Min Period ; clk_i ; Rise       ; fifo:u_fifo_rx|memory_rtl_0_bypass[5]                                                                 ;
; -1.000 ; 1.000        ; 2.000          ; Min Period ; clk_i ; Rise       ; fifo:u_fifo_rx|memory_rtl_0_bypass[6]                                                                 ;
; -1.000 ; 1.000        ; 2.000          ; Min Period ; clk_i ; Rise       ; fifo:u_fifo_rx|memory_rtl_0_bypass[7]                                                                 ;
; -1.000 ; 1.000        ; 2.000          ; Min Period ; clk_i ; Rise       ; fifo:u_fifo_rx|memory_rtl_0_bypass[8]                                                                 ;
; -1.000 ; 1.000        ; 2.000          ; Min Period ; clk_i ; Rise       ; fifo:u_fifo_rx|memory_rtl_0_bypass[9]                                                                 ;
; -1.000 ; 1.000        ; 2.000          ; Min Period ; clk_i ; Rise       ; fifo:u_fifo_rx|memory~0                                                                               ;
; -1.000 ; 1.000        ; 2.000          ; Min Period ; clk_i ; Rise       ; fifo:u_fifo_rx|memory~1                                                                               ;
; -1.000 ; 1.000        ; 2.000          ; Min Period ; clk_i ; Rise       ; fifo:u_fifo_rx|memory~2                                                                               ;
; -1.000 ; 1.000        ; 2.000          ; Min Period ; clk_i ; Rise       ; fifo:u_fifo_rx|memory~3                                                                               ;
; -1.000 ; 1.000        ; 2.000          ; Min Period ; clk_i ; Rise       ; fifo:u_fifo_rx|memory~4                                                                               ;
; -1.000 ; 1.000        ; 2.000          ; Min Period ; clk_i ; Rise       ; fifo:u_fifo_rx|memory~5                                                                               ;
; -1.000 ; 1.000        ; 2.000          ; Min Period ; clk_i ; Rise       ; fifo:u_fifo_rx|memory~6                                                                               ;
; -1.000 ; 1.000        ; 2.000          ; Min Period ; clk_i ; Rise       ; fifo:u_fifo_rx|memory~7                                                                               ;
; -1.000 ; 1.000        ; 2.000          ; Min Period ; clk_i ; Rise       ; fifo:u_fifo_rx|memory~8                                                                               ;
; -1.000 ; 1.000        ; 2.000          ; Min Period ; clk_i ; Rise       ; fifo:u_fifo_rx|r_ptr[1]                                                                               ;
; -1.000 ; 1.000        ; 2.000          ; Min Period ; clk_i ; Rise       ; fifo:u_fifo_rx|r_ptr[2]                                                                               ;
; -1.000 ; 1.000        ; 2.000          ; Min Period ; clk_i ; Rise       ; fifo:u_fifo_rx|r_ptr[3]                                                                               ;
; -1.000 ; 1.000        ; 2.000          ; Min Period ; clk_i ; Rise       ; fifo:u_fifo_rx|w_ptr[0]                                                                               ;
; -1.000 ; 1.000        ; 2.000          ; Min Period ; clk_i ; Rise       ; fifo:u_fifo_rx|w_ptr[1]                                                                               ;
; -1.000 ; 1.000        ; 2.000          ; Min Period ; clk_i ; Rise       ; fifo:u_fifo_rx|w_ptr[2]                                                                               ;
; -1.000 ; 1.000        ; 2.000          ; Min Period ; clk_i ; Rise       ; fifo:u_fifo_rx|w_ptr[3]                                                                               ;
; -1.000 ; 1.000        ; 2.000          ; Min Period ; clk_i ; Rise       ; fifo:u_fifo_tx|altsyncram:memory_rtl_0|altsyncram_5pd1:auto_generated|ram_block1a0~porta_address_reg0 ;
; -1.000 ; 1.000        ; 2.000          ; Min Period ; clk_i ; Rise       ; fifo:u_fifo_tx|altsyncram:memory_rtl_0|altsyncram_5pd1:auto_generated|ram_block1a0~porta_datain_reg0  ;
; -1.000 ; 1.000        ; 2.000          ; Min Period ; clk_i ; Rise       ; fifo:u_fifo_tx|altsyncram:memory_rtl_0|altsyncram_5pd1:auto_generated|ram_block1a0~porta_we_reg       ;
; -1.000 ; 1.000        ; 2.000          ; Min Period ; clk_i ; Rise       ; fifo:u_fifo_tx|altsyncram:memory_rtl_0|altsyncram_5pd1:auto_generated|ram_block1a0~portb_address_reg0 ;
; -1.000 ; 1.000        ; 2.000          ; Min Period ; clk_i ; Rise       ; fifo:u_fifo_tx|fifo_cnt[0]                                                                            ;
; -1.000 ; 1.000        ; 2.000          ; Min Period ; clk_i ; Rise       ; fifo:u_fifo_tx|fifo_cnt[1]                                                                            ;
; -1.000 ; 1.000        ; 2.000          ; Min Period ; clk_i ; Rise       ; fifo:u_fifo_tx|fifo_cnt[2]                                                                            ;
; -1.000 ; 1.000        ; 2.000          ; Min Period ; clk_i ; Rise       ; fifo:u_fifo_tx|fifo_cnt[3]                                                                            ;
; -1.000 ; 1.000        ; 2.000          ; Min Period ; clk_i ; Rise       ; fifo:u_fifo_tx|fifo_cnt[4]                                                                            ;
; -1.000 ; 1.000        ; 2.000          ; Min Period ; clk_i ; Rise       ; fifo:u_fifo_tx|memory_rtl_0_bypass[0]                                                                 ;
; -1.000 ; 1.000        ; 2.000          ; Min Period ; clk_i ; Rise       ; fifo:u_fifo_tx|memory_rtl_0_bypass[10]                                                                ;
; -1.000 ; 1.000        ; 2.000          ; Min Period ; clk_i ; Rise       ; fifo:u_fifo_tx|memory_rtl_0_bypass[11]                                                                ;
; -1.000 ; 1.000        ; 2.000          ; Min Period ; clk_i ; Rise       ; fifo:u_fifo_tx|memory_rtl_0_bypass[12]                                                                ;
; -1.000 ; 1.000        ; 2.000          ; Min Period ; clk_i ; Rise       ; fifo:u_fifo_tx|memory_rtl_0_bypass[13]                                                                ;
; -1.000 ; 1.000        ; 2.000          ; Min Period ; clk_i ; Rise       ; fifo:u_fifo_tx|memory_rtl_0_bypass[14]                                                                ;
; -1.000 ; 1.000        ; 2.000          ; Min Period ; clk_i ; Rise       ; fifo:u_fifo_tx|memory_rtl_0_bypass[15]                                                                ;
; -1.000 ; 1.000        ; 2.000          ; Min Period ; clk_i ; Rise       ; fifo:u_fifo_tx|memory_rtl_0_bypass[16]                                                                ;
; -1.000 ; 1.000        ; 2.000          ; Min Period ; clk_i ; Rise       ; fifo:u_fifo_tx|memory_rtl_0_bypass[1]                                                                 ;
; -1.000 ; 1.000        ; 2.000          ; Min Period ; clk_i ; Rise       ; fifo:u_fifo_tx|memory_rtl_0_bypass[2]                                                                 ;
; -1.000 ; 1.000        ; 2.000          ; Min Period ; clk_i ; Rise       ; fifo:u_fifo_tx|memory_rtl_0_bypass[3]                                                                 ;
; -1.000 ; 1.000        ; 2.000          ; Min Period ; clk_i ; Rise       ; fifo:u_fifo_tx|memory_rtl_0_bypass[4]                                                                 ;
; -1.000 ; 1.000        ; 2.000          ; Min Period ; clk_i ; Rise       ; fifo:u_fifo_tx|memory_rtl_0_bypass[5]                                                                 ;
; -1.000 ; 1.000        ; 2.000          ; Min Period ; clk_i ; Rise       ; fifo:u_fifo_tx|memory_rtl_0_bypass[6]                                                                 ;
; -1.000 ; 1.000        ; 2.000          ; Min Period ; clk_i ; Rise       ; fifo:u_fifo_tx|memory_rtl_0_bypass[7]                                                                 ;
; -1.000 ; 1.000        ; 2.000          ; Min Period ; clk_i ; Rise       ; fifo:u_fifo_tx|memory_rtl_0_bypass[8]                                                                 ;
; -1.000 ; 1.000        ; 2.000          ; Min Period ; clk_i ; Rise       ; fifo:u_fifo_tx|memory_rtl_0_bypass[9]                                                                 ;
; -1.000 ; 1.000        ; 2.000          ; Min Period ; clk_i ; Rise       ; fifo:u_fifo_tx|memory~0                                                                               ;
; -1.000 ; 1.000        ; 2.000          ; Min Period ; clk_i ; Rise       ; fifo:u_fifo_tx|memory~1                                                                               ;
; -1.000 ; 1.000        ; 2.000          ; Min Period ; clk_i ; Rise       ; fifo:u_fifo_tx|memory~2                                                                               ;
; -1.000 ; 1.000        ; 2.000          ; Min Period ; clk_i ; Rise       ; fifo:u_fifo_tx|memory~3                                                                               ;
; -1.000 ; 1.000        ; 2.000          ; Min Period ; clk_i ; Rise       ; fifo:u_fifo_tx|memory~4                                                                               ;
; -1.000 ; 1.000        ; 2.000          ; Min Period ; clk_i ; Rise       ; fifo:u_fifo_tx|memory~5                                                                               ;
; -1.000 ; 1.000        ; 2.000          ; Min Period ; clk_i ; Rise       ; fifo:u_fifo_tx|memory~6                                                                               ;
; -1.000 ; 1.000        ; 2.000          ; Min Period ; clk_i ; Rise       ; fifo:u_fifo_tx|memory~7                                                                               ;
; -1.000 ; 1.000        ; 2.000          ; Min Period ; clk_i ; Rise       ; fifo:u_fifo_tx|memory~8                                                                               ;
; -1.000 ; 1.000        ; 2.000          ; Min Period ; clk_i ; Rise       ; fifo:u_fifo_tx|r_ptr[0]                                                                               ;
; -1.000 ; 1.000        ; 2.000          ; Min Period ; clk_i ; Rise       ; fifo:u_fifo_tx|r_ptr[1]                                                                               ;
; -1.000 ; 1.000        ; 2.000          ; Min Period ; clk_i ; Rise       ; fifo:u_fifo_tx|r_ptr[2]                                                                               ;
; -1.000 ; 1.000        ; 2.000          ; Min Period ; clk_i ; Rise       ; fifo:u_fifo_tx|r_ptr[3]                                                                               ;
; -1.000 ; 1.000        ; 2.000          ; Min Period ; clk_i ; Rise       ; fifo:u_fifo_tx|w_ptr[0]                                                                               ;
; -1.000 ; 1.000        ; 2.000          ; Min Period ; clk_i ; Rise       ; tx_controller:u_tx_controller|fifo_rd_o                                                               ;
; -1.000 ; 1.000        ; 2.000          ; Min Period ; clk_i ; Rise       ; tx_controller:u_tx_controller|state.STATE_IDLE                                                        ;
; -1.000 ; 1.000        ; 2.000          ; Min Period ; clk_i ; Rise       ; tx_controller:u_tx_controller|state.STATE_READ_FIFO                                                   ;
; -1.000 ; 1.000        ; 2.000          ; Min Period ; clk_i ; Rise       ; tx_controller:u_tx_controller|uart_ready                                                              ;
; -1.000 ; 1.000        ; 2.000          ; Min Period ; clk_i ; Rise       ; tx_controller:u_tx_controller|uart_start_o                                                            ;
; -1.000 ; 1.000        ; 2.000          ; Min Period ; clk_i ; Rise       ; uart_rx:u_uart_rx|b_reg[0]                                                                            ;
; -1.000 ; 1.000        ; 2.000          ; Min Period ; clk_i ; Rise       ; uart_rx:u_uart_rx|b_reg[1]                                                                            ;
+--------+--------------+----------------+------------+-------+------------+-------------------------------------------------------------------------------------------------------+


+-----------------------------------------------------------------------+
; Setup Times                                                           ;
+-----------+------------+-------+-------+------------+-----------------+
; Data Port ; Clock Port ; Rise  ; Fall  ; Clock Edge ; Clock Reference ;
+-----------+------------+-------+-------+------------+-----------------+
; rst_i     ; clk_i      ; 1.623 ; 1.718 ; Rise       ; clk_i           ;
; rx_i      ; clk_i      ; 1.832 ; 2.513 ; Rise       ; clk_i           ;
+-----------+------------+-------+-------+------------+-----------------+


+-------------------------------------------------------------------------+
; Hold Times                                                              ;
+-----------+------------+--------+--------+------------+-----------------+
; Data Port ; Clock Port ; Rise   ; Fall   ; Clock Edge ; Clock Reference ;
+-----------+------------+--------+--------+------------+-----------------+
; rst_i     ; clk_i      ; -0.516 ; -0.698 ; Rise       ; clk_i           ;
; rx_i      ; clk_i      ; -0.669 ; -1.297 ; Rise       ; clk_i           ;
+-----------+------------+--------+--------+------------+-----------------+


+-----------------------------------------------------------------------+
; Clock to Output Times                                                 ;
+-----------+------------+-------+-------+------------+-----------------+
; Data Port ; Clock Port ; Rise  ; Fall  ; Clock Edge ; Clock Reference ;
+-----------+------------+-------+-------+------------+-----------------+
; tx_o      ; clk_i      ; 4.222 ; 4.074 ; Rise       ; clk_i           ;
+-----------+------------+-------+-------+------------+-----------------+


+-----------------------------------------------------------------------+
; Minimum Clock to Output Times                                         ;
+-----------+------------+-------+-------+------------+-----------------+
; Data Port ; Clock Port ; Rise  ; Fall  ; Clock Edge ; Clock Reference ;
+-----------+------------+-------+-------+------------+-----------------+
; tx_o      ; clk_i      ; 4.086 ; 3.943 ; Rise       ; clk_i           ;
+-----------+------------+-------+-------+------------+-----------------+


---------------------------------------------
; Fast 1200mV 0C Model Metastability Report ;
---------------------------------------------
No synchronizer chains to report.


+--------------------------------------------------------------------------------+
; Multicorner Timing Analysis Summary                                            ;
+------------------+----------+-------+----------+---------+---------------------+
; Clock            ; Setup    ; Hold  ; Recovery ; Removal ; Minimum Pulse Width ;
+------------------+----------+-------+----------+---------+---------------------+
; Worst-case Slack ; -4.640   ; 0.136 ; N/A      ; N/A     ; -3.000              ;
;  clk_i           ; -4.640   ; 0.136 ; N/A      ; N/A     ; -3.000              ;
; Design-wide TNS  ; -311.442 ; 0.0   ; 0.0      ; 0.0     ; -201.874            ;
;  clk_i           ; -311.442 ; 0.000 ; N/A      ; N/A     ; -201.874            ;
+------------------+----------+-------+----------+---------+---------------------+


+-----------------------------------------------------------------------+
; Setup Times                                                           ;
+-----------+------------+-------+-------+------------+-----------------+
; Data Port ; Clock Port ; Rise  ; Fall  ; Clock Edge ; Clock Reference ;
+-----------+------------+-------+-------+------------+-----------------+
; rst_i     ; clk_i      ; 3.098 ; 3.168 ; Rise       ; clk_i           ;
; rx_i      ; clk_i      ; 3.846 ; 4.319 ; Rise       ; clk_i           ;
+-----------+------------+-------+-------+------------+-----------------+


+-------------------------------------------------------------------------+
; Hold Times                                                              ;
+-----------+------------+--------+--------+------------+-----------------+
; Data Port ; Clock Port ; Rise   ; Fall   ; Clock Edge ; Clock Reference ;
+-----------+------------+--------+--------+------------+-----------------+
; rst_i     ; clk_i      ; -0.516 ; -0.698 ; Rise       ; clk_i           ;
; rx_i      ; clk_i      ; -0.669 ; -1.297 ; Rise       ; clk_i           ;
+-----------+------------+--------+--------+------------+-----------------+


+-----------------------------------------------------------------------+
; Clock to Output Times                                                 ;
+-----------+------------+-------+-------+------------+-----------------+
; Data Port ; Clock Port ; Rise  ; Fall  ; Clock Edge ; Clock Reference ;
+-----------+------------+-------+-------+------------+-----------------+
; tx_o      ; clk_i      ; 7.697 ; 7.637 ; Rise       ; clk_i           ;
+-----------+------------+-------+-------+------------+-----------------+


+-----------------------------------------------------------------------+
; Minimum Clock to Output Times                                         ;
+-----------+------------+-------+-------+------------+-----------------+
; Data Port ; Clock Port ; Rise  ; Fall  ; Clock Edge ; Clock Reference ;
+-----------+------------+-------+-------+------------+-----------------+
; tx_o      ; clk_i      ; 4.086 ; 3.943 ; Rise       ; clk_i           ;
+-----------+------------+-------+-------+------------+-----------------+


+------------------------------------------------------------------------------------------------------------------------------------------------------------------------------------------------------------------------------------------------------------------------------------------------------------------------------------------------------------------------------------------------------------------+
; Board Trace Model Assignments                                                                                                                                                                                                                                                                                                                                                                                    ;
+---------------+--------------+-------------------+-------------------------+-------------------------+---------------+---------------------+----------------+------------------+--------+------------------+------------------------+------------------------+--------------+---------------+-----------------+-------+---------------------+--------------------+---------------+-----------------+-------------+
; Pin           ; I/O Standard ; Near Tline Length ; Near Tline L per Length ; Near Tline C per Length ; Near Series R ; Near Differential R ; Near Pull-up R ; Near Pull-down R ; Near C ; Far Tline Length ; Far Tline L per Length ; Far Tline C per Length ; Far Series R ; Far Pull-up R ; Far Pull-down R ; Far C ; Termination Voltage ; Far Differential R ; EBD File Name ; EBD Signal Name ; EBD Far-end ;
+---------------+--------------+-------------------+-------------------------+-------------------------+---------------+---------------------+----------------+------------------+--------+------------------+------------------------+------------------------+--------------+---------------+-----------------+-------+---------------------+--------------------+---------------+-----------------+-------------+
; tx_o          ; 2.5 V        ; 0 in              ; 0 H/in                  ; 0 F/in                  ; short         ; -                   ; open           ; open             ; open   ; 0 in             ; 0 H/in                 ; 0 F/in                 ; short        ; open          ; open            ; open  ; 0 V                 ; -                  ; n/a           ; n/a             ; n/a         ;
; ~ALTERA_DCLK~ ; 2.5 V        ; 0 in              ; 0 H/in                  ; 0 F/in                  ; short         ; -                   ; open           ; open             ; open   ; 0 in             ; 0 H/in                 ; 0 F/in                 ; short        ; open          ; open            ; open  ; 0 V                 ; -                  ; n/a           ; n/a             ; n/a         ;
; ~ALTERA_nCEO~ ; 2.5 V        ; 0 in              ; 0 H/in                  ; 0 F/in                  ; short         ; -                   ; open           ; open             ; open   ; 0 in             ; 0 H/in                 ; 0 F/in                 ; short        ; open          ; open            ; open  ; 0 V                 ; -                  ; n/a           ; n/a             ; n/a         ;
+---------------+--------------+-------------------+-------------------------+-------------------------+---------------+---------------------+----------------+------------------+--------+------------------+------------------------+------------------------+--------------+---------------+-----------------+-------+---------------------+--------------------+---------------+-----------------+-------------+


+----------------------------------------------------------------------------+
; Input Transition Times                                                     ;
+-------------------------+--------------+-----------------+-----------------+
; Pin                     ; I/O Standard ; 10-90 Rise Time ; 90-10 Fall Time ;
+-------------------------+--------------+-----------------+-----------------+
; clk_i                   ; 2.5 V        ; 2000 ps         ; 2000 ps         ;
; rst_i                   ; 2.5 V        ; 2000 ps         ; 2000 ps         ;
; rx_i                    ; 2.5 V        ; 2000 ps         ; 2000 ps         ;
; ~ALTERA_ASDO_DATA1~     ; 2.5 V        ; 2000 ps         ; 2000 ps         ;
; ~ALTERA_FLASH_nCE_nCSO~ ; 2.5 V        ; 2000 ps         ; 2000 ps         ;
; ~ALTERA_DATA0~          ; 2.5 V        ; 2000 ps         ; 2000 ps         ;
+-------------------------+--------------+-----------------+-----------------+


+--------------------------------------------------------------------------------------------------------------------------------------------------------------------------------------------------------------------------------------------------------------------------------------------------------------------------------------------------------------------------------------------------------------------------------------------------------------------------------------------------------------------------------------------------------------------------------------------------------------------------------------------------------------------------------------------+
; Signal Integrity Metrics (Slow 1200mv 0c Model)                                                                                                                                                                                                                                                                                                                                                                                                                                                                                                                                                                                                                                            ;
+---------------+--------------+---------------------+---------------------+------------------------------+------------------------------+---------------------+---------------------+--------------------------------------+--------------------------------------+-----------------------------+-----------------------------+----------------------------+----------------------------+-----------------------------+-----------------------------+--------------------+--------------------+-------------------------------------+-------------------------------------+----------------------------+----------------------------+---------------------------+---------------------------+
; Pin           ; I/O Standard ; Board Delay on Rise ; Board Delay on Fall ; Steady State Voh at FPGA Pin ; Steady State Vol at FPGA Pin ; Voh Max at FPGA Pin ; Vol Min at FPGA Pin ; Ringback Voltage on Rise at FPGA Pin ; Ringback Voltage on Fall at FPGA Pin ; 10-90 Rise Time at FPGA Pin ; 90-10 Fall Time at FPGA Pin ; Monotonic Rise at FPGA Pin ; Monotonic Fall at FPGA Pin ; Steady State Voh at Far-end ; Steady State Vol at Far-end ; Voh Max at Far-end ; Vol Min at Far-end ; Ringback Voltage on Rise at Far-end ; Ringback Voltage on Fall at Far-end ; 10-90 Rise Time at Far-end ; 90-10 Fall Time at Far-end ; Monotonic Rise at Far-end ; Monotonic Fall at Far-end ;
+---------------+--------------+---------------------+---------------------+------------------------------+------------------------------+---------------------+---------------------+--------------------------------------+--------------------------------------+-----------------------------+-----------------------------+----------------------------+----------------------------+-----------------------------+-----------------------------+--------------------+--------------------+-------------------------------------+-------------------------------------+----------------------------+----------------------------+---------------------------+---------------------------+
; tx_o          ; 2.5 V        ; 0 s                 ; 0 s                 ; 2.32 V                       ; 3.07e-09 V                   ; 2.37 V              ; -0.00994 V          ; 0.186 V                              ; 0.028 V                              ; 4.98e-10 s                  ; 4.96e-10 s                  ; Yes                        ; Yes                        ; 2.32 V                      ; 3.07e-09 V                  ; 2.37 V             ; -0.00994 V         ; 0.186 V                             ; 0.028 V                             ; 4.98e-10 s                 ; 4.96e-10 s                 ; Yes                       ; Yes                       ;
; ~ALTERA_DCLK~ ; 2.5 V        ; 0 s                 ; 0 s                 ; 2.32 V                       ; 2.67e-09 V                   ; 2.38 V              ; -0.0485 V           ; 0.167 V                              ; 0.096 V                              ; 2.95e-10 s                  ; 2.73e-10 s                  ; Yes                        ; Yes                        ; 2.32 V                      ; 2.67e-09 V                  ; 2.38 V             ; -0.0485 V          ; 0.167 V                             ; 0.096 V                             ; 2.95e-10 s                 ; 2.73e-10 s                 ; Yes                       ; Yes                       ;
; ~ALTERA_nCEO~ ; 2.5 V        ; 0 s                 ; 0 s                 ; 2.32 V                       ; 4.18e-09 V                   ; 2.38 V              ; -0.00483 V          ; 0.152 V                              ; 0.012 V                              ; 4.81e-10 s                  ; 6.29e-10 s                  ; Yes                        ; Yes                        ; 2.32 V                      ; 4.18e-09 V                  ; 2.38 V             ; -0.00483 V         ; 0.152 V                             ; 0.012 V                             ; 4.81e-10 s                 ; 6.29e-10 s                 ; Yes                       ; Yes                       ;
+---------------+--------------+---------------------+---------------------+------------------------------+------------------------------+---------------------+---------------------+--------------------------------------+--------------------------------------+-----------------------------+-----------------------------+----------------------------+----------------------------+-----------------------------+-----------------------------+--------------------+--------------------+-------------------------------------+-------------------------------------+----------------------------+----------------------------+---------------------------+---------------------------+


+--------------------------------------------------------------------------------------------------------------------------------------------------------------------------------------------------------------------------------------------------------------------------------------------------------------------------------------------------------------------------------------------------------------------------------------------------------------------------------------------------------------------------------------------------------------------------------------------------------------------------------------------------------------------------------------------+
; Signal Integrity Metrics (Slow 1200mv 85c Model)                                                                                                                                                                                                                                                                                                                                                                                                                                                                                                                                                                                                                                           ;
+---------------+--------------+---------------------+---------------------+------------------------------+------------------------------+---------------------+---------------------+--------------------------------------+--------------------------------------+-----------------------------+-----------------------------+----------------------------+----------------------------+-----------------------------+-----------------------------+--------------------+--------------------+-------------------------------------+-------------------------------------+----------------------------+----------------------------+---------------------------+---------------------------+
; Pin           ; I/O Standard ; Board Delay on Rise ; Board Delay on Fall ; Steady State Voh at FPGA Pin ; Steady State Vol at FPGA Pin ; Voh Max at FPGA Pin ; Vol Min at FPGA Pin ; Ringback Voltage on Rise at FPGA Pin ; Ringback Voltage on Fall at FPGA Pin ; 10-90 Rise Time at FPGA Pin ; 90-10 Fall Time at FPGA Pin ; Monotonic Rise at FPGA Pin ; Monotonic Fall at FPGA Pin ; Steady State Voh at Far-end ; Steady State Vol at Far-end ; Voh Max at Far-end ; Vol Min at Far-end ; Ringback Voltage on Rise at Far-end ; Ringback Voltage on Fall at Far-end ; 10-90 Rise Time at Far-end ; 90-10 Fall Time at Far-end ; Monotonic Rise at Far-end ; Monotonic Fall at Far-end ;
+---------------+--------------+---------------------+---------------------+------------------------------+------------------------------+---------------------+---------------------+--------------------------------------+--------------------------------------+-----------------------------+-----------------------------+----------------------------+----------------------------+-----------------------------+-----------------------------+--------------------+--------------------+-------------------------------------+-------------------------------------+----------------------------+----------------------------+---------------------------+---------------------------+
; tx_o          ; 2.5 V        ; 0 s                 ; 0 s                 ; 2.32 V                       ; 4.67e-07 V                   ; 2.35 V              ; -0.00942 V          ; 0.116 V                              ; 0.033 V                              ; 6.66e-10 s                  ; 6.27e-10 s                  ; Yes                        ; Yes                        ; 2.32 V                      ; 4.67e-07 V                  ; 2.35 V             ; -0.00942 V         ; 0.116 V                             ; 0.033 V                             ; 6.66e-10 s                 ; 6.27e-10 s                 ; Yes                       ; Yes                       ;
; ~ALTERA_DCLK~ ; 2.5 V        ; 0 s                 ; 0 s                 ; 2.32 V                       ; 3.75e-07 V                   ; 2.35 V              ; -0.0109 V           ; 0.084 V                              ; 0.027 V                              ; 4.31e-10 s                  ; 3.61e-10 s                  ; Yes                        ; Yes                        ; 2.32 V                      ; 3.75e-07 V                  ; 2.35 V             ; -0.0109 V          ; 0.084 V                             ; 0.027 V                             ; 4.31e-10 s                 ; 3.61e-10 s                 ; Yes                       ; Yes                       ;
; ~ALTERA_nCEO~ ; 2.5 V        ; 0 s                 ; 0 s                 ; 2.32 V                       ; 6.15e-07 V                   ; 2.35 V              ; -0.00712 V          ; 0.093 V                              ; 0.02 V                               ; 6.21e-10 s                  ; 7.9e-10 s                   ; Yes                        ; Yes                        ; 2.32 V                      ; 6.15e-07 V                  ; 2.35 V             ; -0.00712 V         ; 0.093 V                             ; 0.02 V                              ; 6.21e-10 s                 ; 7.9e-10 s                  ; Yes                       ; Yes                       ;
+---------------+--------------+---------------------+---------------------+------------------------------+------------------------------+---------------------+---------------------+--------------------------------------+--------------------------------------+-----------------------------+-----------------------------+----------------------------+----------------------------+-----------------------------+-----------------------------+--------------------+--------------------+-------------------------------------+-------------------------------------+----------------------------+----------------------------+---------------------------+---------------------------+


+--------------------------------------------------------------------------------------------------------------------------------------------------------------------------------------------------------------------------------------------------------------------------------------------------------------------------------------------------------------------------------------------------------------------------------------------------------------------------------------------------------------------------------------------------------------------------------------------------------------------------------------------------------------------------------------------+
; Signal Integrity Metrics (Fast 1200mv 0c Model)                                                                                                                                                                                                                                                                                                                                                                                                                                                                                                                                                                                                                                            ;
+---------------+--------------+---------------------+---------------------+------------------------------+------------------------------+---------------------+---------------------+--------------------------------------+--------------------------------------+-----------------------------+-----------------------------+----------------------------+----------------------------+-----------------------------+-----------------------------+--------------------+--------------------+-------------------------------------+-------------------------------------+----------------------------+----------------------------+---------------------------+---------------------------+
; Pin           ; I/O Standard ; Board Delay on Rise ; Board Delay on Fall ; Steady State Voh at FPGA Pin ; Steady State Vol at FPGA Pin ; Voh Max at FPGA Pin ; Vol Min at FPGA Pin ; Ringback Voltage on Rise at FPGA Pin ; Ringback Voltage on Fall at FPGA Pin ; 10-90 Rise Time at FPGA Pin ; 90-10 Fall Time at FPGA Pin ; Monotonic Rise at FPGA Pin ; Monotonic Fall at FPGA Pin ; Steady State Voh at Far-end ; Steady State Vol at Far-end ; Voh Max at Far-end ; Vol Min at Far-end ; Ringback Voltage on Rise at Far-end ; Ringback Voltage on Fall at Far-end ; 10-90 Rise Time at Far-end ; 90-10 Fall Time at Far-end ; Monotonic Rise at Far-end ; Monotonic Fall at Far-end ;
+---------------+--------------+---------------------+---------------------+------------------------------+------------------------------+---------------------+---------------------+--------------------------------------+--------------------------------------+-----------------------------+-----------------------------+----------------------------+----------------------------+-----------------------------+-----------------------------+--------------------+--------------------+-------------------------------------+-------------------------------------+----------------------------+----------------------------+---------------------------+---------------------------+
; tx_o          ; 2.5 V        ; 0 s                 ; 0 s                 ; 2.62 V                       ; 2.74e-08 V                   ; 2.71 V              ; -0.0317 V           ; 0.148 V                              ; 0.064 V                              ; 4.51e-10 s                  ; 4.15e-10 s                  ; No                         ; Yes                        ; 2.62 V                      ; 2.74e-08 V                  ; 2.71 V             ; -0.0317 V          ; 0.148 V                             ; 0.064 V                             ; 4.51e-10 s                 ; 4.15e-10 s                 ; No                        ; Yes                       ;
; ~ALTERA_DCLK~ ; 2.5 V        ; 0 s                 ; 0 s                 ; 2.62 V                       ; 2.22e-08 V                   ; 2.74 V              ; -0.06 V             ; 0.158 V                              ; 0.08 V                               ; 2.68e-10 s                  ; 2.19e-10 s                  ; Yes                        ; Yes                        ; 2.62 V                      ; 2.22e-08 V                  ; 2.74 V             ; -0.06 V            ; 0.158 V                             ; 0.08 V                              ; 2.68e-10 s                 ; 2.19e-10 s                 ; Yes                       ; Yes                       ;
; ~ALTERA_nCEO~ ; 2.5 V        ; 0 s                 ; 0 s                 ; 2.62 V                       ; 3.54e-08 V                   ; 2.7 V               ; -0.00943 V          ; 0.276 V                              ; 0.035 V                              ; 3.19e-10 s                  ; 4.99e-10 s                  ; No                         ; Yes                        ; 2.62 V                      ; 3.54e-08 V                  ; 2.7 V              ; -0.00943 V         ; 0.276 V                             ; 0.035 V                             ; 3.19e-10 s                 ; 4.99e-10 s                 ; No                        ; Yes                       ;
+---------------+--------------+---------------------+---------------------+------------------------------+------------------------------+---------------------+---------------------+--------------------------------------+--------------------------------------+-----------------------------+-----------------------------+----------------------------+----------------------------+-----------------------------+-----------------------------+--------------------+--------------------+-------------------------------------+-------------------------------------+----------------------------+----------------------------+---------------------------+---------------------------+


+-------------------------------------------------------------------+
; Setup Transfers                                                   ;
+------------+----------+----------+----------+----------+----------+
; From Clock ; To Clock ; RR Paths ; FR Paths ; RF Paths ; FF Paths ;
+------------+----------+----------+----------+----------+----------+
; clk_i      ; clk_i    ; 2644     ; 0        ; 0        ; 0        ;
+------------+----------+----------+----------+----------+----------+
Entries labeled "false path" only account for clock-to-clock false paths and not path-based false paths. As a result, actual path counts may be lower than reported.


+-------------------------------------------------------------------+
; Hold Transfers                                                    ;
+------------+----------+----------+----------+----------+----------+
; From Clock ; To Clock ; RR Paths ; FR Paths ; RF Paths ; FF Paths ;
+------------+----------+----------+----------+----------+----------+
; clk_i      ; clk_i    ; 2644     ; 0        ; 0        ; 0        ;
+------------+----------+----------+----------+----------+----------+
Entries labeled "false path" only account for clock-to-clock false paths and not path-based false paths. As a result, actual path counts may be lower than reported.


---------------
; Report TCCS ;
---------------
No dedicated SERDES Transmitter circuitry present in device or used in design


---------------
; Report RSKM ;
---------------
No non-DPA dedicated SERDES Receiver circuitry present in device or used in design


+------------------------------------------------+
; Unconstrained Paths                            ;
+---------------------------------+-------+------+
; Property                        ; Setup ; Hold ;
+---------------------------------+-------+------+
; Illegal Clocks                  ; 0     ; 0    ;
; Unconstrained Clocks            ; 0     ; 0    ;
; Unconstrained Input Ports       ; 2     ; 2    ;
; Unconstrained Input Port Paths  ; 125   ; 125  ;
; Unconstrained Output Ports      ; 1     ; 1    ;
; Unconstrained Output Port Paths ; 1     ; 1    ;
+---------------------------------+-------+------+


+------------------------------------+
; TimeQuest Timing Analyzer Messages ;
+------------------------------------+
Info: *******************************************************************
Info: Running Quartus II 64-Bit TimeQuest Timing Analyzer
    Info: Version 13.1.0 Build 162 10/23/2013 SJ Web Edition
    Info: Processing started: Mon Sep 14 07:04:09 2026
Info: Command: quartus_sta uart -c uart
Info: qsta_default_script.tcl version: #1
Info (20030): Parallel compilation is enabled and will use 16 of the 32 processors detected
Info (21077): Core supply voltage is 1.2V
Info (21077): Low junction temperature is 0 degrees C
Info (21077): High junction temperature is 85 degrees C
Critical Warning (332012): Synopsys Design Constraints File file not found: 'uart.sdc'. A Synopsys Design Constraints File is required by the TimeQuest Timing Analyzer to get proper timing constraints. Without it, the Compiler will not properly optimize the design.
Info (332142): No user constrained base clocks found in the design. Calling "derive_clocks -period 1.0"
Info (332105): Deriving Clocks
    Info (332105): create_clock -period 1.000 -name clk_i clk_i
Info (332143): No user constrained clock uncertainty found in the design. Calling "derive_clock_uncertainty"
Info (332123): Deriving Clock Uncertainty. Please refer to report_sdc in TimeQuest to see clock uncertainties.
Info: Found TIMEQUEST_REPORT_SCRIPT_INCLUDE_DEFAULT_ANALYSIS = ON
Info: Analyzing Slow 1200mV 85C Model
Critical Warning (332148): Timing requirements not met
    Info (11105): For recommendations on closing timing, run Report Timing Closure Recommendations in the TimeQuest Timing Analyzer.
Info (332146): Worst-case setup slack is -4.640
    Info (332119):     Slack       End Point TNS Clock 
    Info (332119): ========= =================== =====================
    Info (332119):    -4.640            -311.442 clk_i 
Info (332146): Worst-case hold slack is 0.342
    Info (332119):     Slack       End Point TNS Clock 
    Info (332119): ========= =================== =====================
    Info (332119):     0.342               0.000 clk_i 
Info (332140): No Recovery paths to report
Info (332140): No Removal paths to report
Info (332146): Worst-case minimum pulse width slack is -3.000
    Info (332119):     Slack       End Point TNS Clock 
    Info (332119): ========= =================== =====================
    Info (332119):    -3.000            -201.874 clk_i 
Info: Analyzing Slow 1200mV 0C Model
Info (334003): Started post-fitting delay annotation
Info (334004): Delay annotation completed successfully
Info (332123): Deriving Clock Uncertainty. Please refer to report_sdc in TimeQuest to see clock uncertainties.
Critical Warning (332148): Timing requirements not met
    Info (11105): For recommendations on closing timing, run Report Timing Closure Recommendations in the TimeQuest Timing Analyzer.
Info (332146): Worst-case setup slack is -4.159
    Info (332119):     Slack       End Point TNS Clock 
    Info (332119): ========= =================== =====================
    Info (332119):    -4.159            -270.503 clk_i 
Info (332146): Worst-case hold slack is 0.339
    Info (332119):     Slack       End Point TNS Clock 
    Info (332119): ========= =================== =====================
    Info (332119):     0.339               0.000 clk_i 
Info (332140): No Recovery paths to report
Info (332140): No Removal paths to report
Info (332146): Worst-case minimum pulse width slack is -3.000
    Info (332119):     Slack       End Point TNS Clock 
    Info (332119): ========= =================== =====================
    Info (332119):    -3.000            -201.522 clk_i 
Info: Analyzing Fast 1200mV 0C Model
Info (332123): Deriving Clock Uncertainty. Please refer to report_sdc in TimeQuest to see clock uncertainties.
Critical Warning (332148): Timing requirements not met
    Info (11105): For recommendations on closing timing, run Report Timing Closure Recommendations in the TimeQuest Timing Analyzer.
Info (332146): Worst-case setup slack is -1.544
    Info (332119):     Slack       End Point TNS Clock 
    Info (332119): ========= =================== =====================
    Info (332119):    -1.544             -79.709 clk_i 
Info (332146): Worst-case hold slack is 0.136
    Info (332119):     Slack       End Point TNS Clock 
    Info (332119): ========= =================== =====================
    Info (332119):     0.136               0.000 clk_i 
Info (332140): No Recovery paths to report
Info (332140): No Removal paths to report
Info (332146): Worst-case minimum pulse width slack is -3.000
    Info (332119):     Slack       End Point TNS Clock 
    Info (332119): ========= =================== =====================
    Info (332119):    -3.000            -159.092 clk_i 
Info (332102): Design is not fully constrained for setup requirements
Info (332102): Design is not fully constrained for hold requirements
Info: Quartus II 64-Bit TimeQuest Timing Analyzer was successful. 0 errors, 4 warnings
    Info: Peak virtual memory: 4870 megabytes
    Info: Processing ended: Mon Sep 14 07:04:11 2026
    Info: Elapsed time: 00:00:02
    Info: Total CPU time (on all processors): 00:00:01


